locus_id,gene_name,gene_id,gtex_tissue,gtex_chrom,reference_genome,maf_min,maf_max,min_sample_size,alphagenome_sequence_length,alphagenome_target_data_source,alphagenome_target_gtex_tissue,alphagenome_batch_size,alphagenome_max_workers,alphagenome_retry_wait_seconds,enabled
ensg00000005379_17_lung,ENSG00000005379.17,ENSG00000005379.17,Lung,chr17,hg38,0.01,0.99,50,1MB,gtex,Lung,100,8,5,True
ensg00000007216_16_lung,ENSG00000007216.16,ENSG00000007216.16,Lung,chr17,hg38,0.01,0.99,50,1MB,gtex,Lung,100,8,5,True
ensg00000074755_15_lung,ENSG00000074755.15,ENSG00000074755.15,Lung,chr17,hg38,0.01,0.99,50,1MB,gtex,Lung,100,8,5,True
ensg00000078687_17_lung,ENSG00000078687.17,ENSG00000078687.17,Lung,chr17,hg38,0.01,0.99,50,1MB,gtex,Lung,100,8,5,True
ensg00000091622_16_lung,ENSG00000091622.16,ENSG00000091622.16,Lung,chr17,hg38,0.01,0.99,50,1MB,gtex,Lung,100,8,5,True
ensg00000108448_23_lung,ENSG00000108448.23,ENSG00000108448.23,Lung,chr17,hg38,0.01,0.99,50,1MB,gtex,Lung,100,8,5,True
ensg00000108559_12_lung,ENSG00000108559.12,ENSG00000108559.12,Lung,chr17,hg38,0.01,0.99,50,1MB,gtex,Lung,100,8,5,True
ensg00000108785_7_lung,ENSG00000108785.7,ENSG00000108785.7,Lung,chr17,hg38,0.01,0.99,50,1MB,gtex,Lung,100,8,5,True
ensg00000108799_13_lung,ENSG00000108799.13,ENSG00000108799.13,Lung,chr17,hg38,0.01,0.99,50,1MB,gtex,Lung,100,8,5,True
ensg00000108984_15_lung,ENSG00000108984.15,ENSG00000108984.15,Lung,chr17,hg38,0.01,0.99,50,1MB,gtex,Lung,100,8,5,True
ensg00000109065_12_lung,ENSG00000109065.12,ENSG00000109065.12,Lung,chr17,hg38,0.01,0.99,50,1MB,gtex,Lung,100,8,5,True
ensg00000109101_8_lung,ENSG00000109101.8,ENSG00000109101.8,Lung,chr17,hg38,0.01,0.99,50,1MB,gtex,Lung,100,8,5,True
ensg00000121058_5_lung,ENSG00000121058.5,ENSG00000121058.5,Lung,chr17,hg38,0.01,0.99,50,1MB,gtex,Lung,100,8,5,True
ensg00000125445_11_lung,ENSG00000125445.11,ENSG00000125445.11,Lung,chr17,hg38,0.01,0.99,50,1MB,gtex,Lung,100,8,5,True
ensg00000125447_18_lung,ENSG00000125447.18,ENSG00000125447.18,Lung,chr17,hg38,0.01,0.99,50,1MB,gtex,Lung,100,8,5,True
ensg00000125686_12_lung,ENSG00000125686.12,ENSG00000125686.12,Lung,chr17,hg38,0.01,0.99,50,1MB,gtex,Lung,100,8,5,True
ensg00000126653_18_lung,ENSG00000126653.18,ENSG00000126653.18,Lung,chr17,hg38,0.01,0.99,50,1MB,gtex,Lung,100,8,5,True
ensg00000129195_16_lung,ENSG00000129195.16,ENSG00000129195.16,Lung,chr17,hg38,0.01,0.99,50,1MB,gtex,Lung,100,8,5,True
ensg00000131473_17_lung,ENSG00000131473.17,ENSG00000131473.17,Lung,chr17,hg38,0.01,0.99,50,1MB,gtex,Lung,100,8,5,True
ensg00000131480_9_lung,ENSG00000131480.9,ENSG00000131480.9,Lung,chr17,hg38,0.01,0.99,50,1MB,gtex,Lung,100,8,5,True
ensg00000132376_20_lung,ENSG00000132376.20,ENSG00000132376.20,Lung,chr17,hg38,0.01,0.99,50,1MB,gtex,Lung,100,8,5,True
ensg00000132522_16_lung,ENSG00000132522.16,ENSG00000132522.16,Lung,chr17,hg38,0.01,0.99,50,1MB,gtex,Lung,100,8,5,True
ensg00000132591_12_lung,ENSG00000132591.12,ENSG00000132591.12,Lung,chr17,hg38,0.01,0.99,50,1MB,gtex,Lung,100,8,5,True
ensg00000141337_13_lung,ENSG00000141337.13,ENSG00000141337.13,Lung,chr17,hg38,0.01,0.99,50,1MB,gtex,Lung,100,8,5,True
ensg00000141542_11_lung,ENSG00000141542.11,ENSG00000141542.11,Lung,chr17,hg38,0.01,0.99,50,1MB,gtex,Lung,100,8,5,True
ensg00000141556_22_lung,ENSG00000141556.22,ENSG00000141556.22,Lung,chr17,hg38,0.01,0.99,50,1MB,gtex,Lung,100,8,5,True
ensg00000141570_11_lung,ENSG00000141570.11,ENSG00000141570.11,Lung,chr17,hg38,0.01,0.99,50,1MB,gtex,Lung,100,8,5,True
ensg00000159111_13_lung,ENSG00000159111.13,ENSG00000159111.13,Lung,chr17,hg38,0.01,0.99,50,1MB,gtex,Lung,100,8,5,True
ensg00000161647_19_lung,ENSG00000161647.19,ENSG00000161647.19,Lung,chr17,hg38,0.01,0.99,50,1MB,gtex,Lung,100,8,5,True
ensg00000161692_18_lung,ENSG00000161692.18,ENSG00000161692.18,Lung,chr17,hg38,0.01,0.99,50,1MB,gtex,Lung,100,8,5,True
ensg00000167100_15_lung,ENSG00000167100.15,ENSG00000167100.15,Lung,chr17,hg38,0.01,0.99,50,1MB,gtex,Lung,100,8,5,True
ensg00000167281_20_lung,ENSG00000167281.20,ENSG00000167281.20,Lung,chr17,hg38,0.01,0.99,50,1MB,gtex,Lung,100,8,5,True
ensg00000167525_15_lung,ENSG00000167525.15,ENSG00000167525.15,Lung,chr17,hg38,0.01,0.99,50,1MB,gtex,Lung,100,8,5,True
ensg00000167695_15_lung,ENSG00000167695.15,ENSG00000167695.15,Lung,chr17,hg38,0.01,0.99,50,1MB,gtex,Lung,100,8,5,True
ensg00000167720_13_lung,ENSG00000167720.13,ENSG00000167720.13,Lung,chr17,hg38,0.01,0.99,50,1MB,gtex,Lung,100,8,5,True
ensg00000167842_16_lung,ENSG00000167842.16,ENSG00000167842.16,Lung,chr17,hg38,0.01,0.99,50,1MB,gtex,Lung,100,8,5,True
ensg00000168591_16_lung,ENSG00000168591.16,ENSG00000168591.16,Lung,chr17,hg38,0.01,0.99,50,1MB,gtex,Lung,100,8,5,True
ensg00000169683_8_lung,ENSG00000169683.8,ENSG00000169683.8,Lung,chr17,hg38,0.01,0.99,50,1MB,gtex,Lung,100,8,5,True
ensg00000169718_18_lung,ENSG00000169718.18,ENSG00000169718.18,Lung,chr17,hg38,0.01,0.99,50,1MB,gtex,Lung,100,8,5,True
ensg00000171298_13_lung,ENSG00000171298.13,ENSG00000171298.13,Lung,chr17,hg38,0.01,0.99,50,1MB,gtex,Lung,100,8,5,True
ensg00000171953_16_lung,ENSG00000171953.16,ENSG00000171953.16,Lung,chr17,hg38,0.01,0.99,50,1MB,gtex,Lung,100,8,5,True
ensg00000173826_15_lung,ENSG00000173826.15,ENSG00000173826.15,Lung,chr17,hg38,0.01,0.99,50,1MB,gtex,Lung,100,8,5,True
ensg00000175866_16_lung,ENSG00000175866.16,ENSG00000175866.16,Lung,chr17,hg38,0.01,0.99,50,1MB,gtex,Lung,100,8,5,True
ensg00000176749_9_lung,ENSG00000176749.9,ENSG00000176749.9,Lung,chr17,hg38,0.01,0.99,50,1MB,gtex,Lung,100,8,5,True
ensg00000179094_16_lung,ENSG00000179094.16,ENSG00000179094.16,Lung,chr17,hg38,0.01,0.99,50,1MB,gtex,Lung,100,8,5,True
ensg00000179604_10_lung,ENSG00000179604.10,ENSG00000179604.10,Lung,chr17,hg38,0.01,0.99,50,1MB,gtex,Lung,100,8,5,True
ensg00000180901_11_lung,ENSG00000180901.11,ENSG00000180901.11,Lung,chr17,hg38,0.01,0.99,50,1MB,gtex,Lung,100,8,5,True
ensg00000182224_12_lung,ENSG00000182224.12,ENSG00000182224.12,Lung,chr17,hg38,0.01,0.99,50,1MB,gtex,Lung,100,8,5,True
ensg00000183010_17_lung,ENSG00000183010.17,ENSG00000183010.17,Lung,chr17,hg38,0.01,0.99,50,1MB,gtex,Lung,100,8,5,True
ensg00000183018_9_lung,ENSG00000183018.9,ENSG00000183018.9,Lung,chr17,hg38,0.01,0.99,50,1MB,gtex,Lung,100,8,5,True
ensg00000183688_4_lung,ENSG00000183688.4,ENSG00000183688.4,Lung,chr17,hg38,0.01,0.99,50,1MB,gtex,Lung,100,8,5,True
ensg00000183978_8_lung,ENSG00000183978.8,ENSG00000183978.8,Lung,chr17,hg38,0.01,0.99,50,1MB,gtex,Lung,100,8,5,True
ensg00000184060_11_lung,ENSG00000184060.11,ENSG00000184060.11,Lung,chr17,hg38,0.01,0.99,50,1MB,gtex,Lung,100,8,5,True
ensg00000184361_13_lung,ENSG00000184361.13,ENSG00000184361.13,Lung,chr17,hg38,0.01,0.99,50,1MB,gtex,Lung,100,8,5,True
ensg00000185624_16_lung,ENSG00000185624.16,ENSG00000185624.16,Lung,chr17,hg38,0.01,0.99,50,1MB,gtex,Lung,100,8,5,True
ensg00000186074_19_lung,ENSG00000186074.19,ENSG00000186074.19,Lung,chr17,hg38,0.01,0.99,50,1MB,gtex,Lung,100,8,5,True
ensg00000187531_14_lung,ENSG00000187531.14,ENSG00000187531.14,Lung,chr17,hg38,0.01,0.99,50,1MB,gtex,Lung,100,8,5,True
ensg00000188662_7_lung,ENSG00000188662.7,ENSG00000188662.7,Lung,chr17,hg38,0.01,0.99,50,1MB,gtex,Lung,100,8,5,True
ensg00000198909_8_lung,ENSG00000198909.8,ENSG00000198909.8,Lung,chr17,hg38,0.01,0.99,50,1MB,gtex,Lung,100,8,5,True
ensg00000213876_4_lung,ENSG00000213876.4,ENSG00000213876.4,Lung,chr17,hg38,0.01,0.99,50,1MB,gtex,Lung,100,8,5,True
ensg00000214546_4_lung,ENSG00000214546.4,ENSG00000214546.4,Lung,chr17,hg38,0.01,0.99,50,1MB,gtex,Lung,100,8,5,True
ensg00000226359_1_lung,ENSG00000226359.1,ENSG00000226359.1,Lung,chr17,hg38,0.01,0.99,50,1MB,gtex,Lung,100,8,5,True
ensg00000226871_1_lung,ENSG00000226871.1,ENSG00000226871.1,Lung,chr17,hg38,0.01,0.99,50,1MB,gtex,Lung,100,8,5,True
ensg00000230148_8_lung,ENSG00000230148.8,ENSG00000230148.8,Lung,chr17,hg38,0.01,0.99,50,1MB,gtex,Lung,100,8,5,True
ensg00000232859_10_lung,ENSG00000232859.10,ENSG00000232859.10,Lung,chr17,hg38,0.01,0.99,50,1MB,gtex,Lung,100,8,5,True
ensg00000235554_1_lung,ENSG00000235554.1,ENSG00000235554.1,Lung,chr17,hg38,0.01,0.99,50,1MB,gtex,Lung,100,8,5,True
ensg00000239246_3_lung,ENSG00000239246.3,ENSG00000239246.3,Lung,chr17,hg38,0.01,0.99,50,1MB,gtex,Lung,100,8,5,True
ensg00000240445_6_lung,ENSG00000240445.6,ENSG00000240445.6,Lung,chr17,hg38,0.01,0.99,50,1MB,gtex,Lung,100,8,5,True
ensg00000252699_1_lung,ENSG00000252699.1,ENSG00000252699.1,Lung,chr17,hg38,0.01,0.99,50,1MB,gtex,Lung,100,8,5,True
ensg00000255987_1_lung,ENSG00000255987.1,ENSG00000255987.1,Lung,chr17,hg38,0.01,0.99,50,1MB,gtex,Lung,100,8,5,True
ensg00000260105_6_lung,ENSG00000260105.6,ENSG00000260105.6,Lung,chr17,hg38,0.01,0.99,50,1MB,gtex,Lung,100,8,5,True
ensg00000261924_1_lung,ENSG00000261924.1,ENSG00000261924.1,Lung,chr17,hg38,0.01,0.99,50,1MB,gtex,Lung,100,8,5,True
ensg00000262500_1_lung,ENSG00000262500.1,ENSG00000262500.1,Lung,chr17,hg38,0.01,0.99,50,1MB,gtex,Lung,100,8,5,True
ensg00000262823_1_lung,ENSG00000262823.1,ENSG00000262823.1,Lung,chr17,hg38,0.01,0.99,50,1MB,gtex,Lung,100,8,5,True
ensg00000262979_1_lung,ENSG00000262979.1,ENSG00000262979.1,Lung,chr17,hg38,0.01,0.99,50,1MB,gtex,Lung,100,8,5,True
ensg00000263069_6_lung,ENSG00000263069.6,ENSG00000263069.6,Lung,chr17,hg38,0.01,0.99,50,1MB,gtex,Lung,100,8,5,True
ensg00000263219_1_lung,ENSG00000263219.1,ENSG00000263219.1,Lung,chr17,hg38,0.01,0.99,50,1MB,gtex,Lung,100,8,5,True
ensg00000263786_1_lung,ENSG00000263786.1,ENSG00000263786.1,Lung,chr17,hg38,0.01,0.99,50,1MB,gtex,Lung,100,8,5,True
ensg00000265125_5_lung,ENSG00000265125.5,ENSG00000265125.5,Lung,chr17,hg38,0.01,0.99,50,1MB,gtex,Lung,100,8,5,True
ensg00000265148_7_lung,ENSG00000265148.7,ENSG00000265148.7,Lung,chr17,hg38,0.01,0.99,50,1MB,gtex,Lung,100,8,5,True
ensg00000265702_2_lung,ENSG00000265702.2,ENSG00000265702.2,Lung,chr17,hg38,0.01,0.99,50,1MB,gtex,Lung,100,8,5,True
ensg00000265749_6_lung,ENSG00000265749.6,ENSG00000265749.6,Lung,chr17,hg38,0.01,0.99,50,1MB,gtex,Lung,100,8,5,True
ensg00000267121_6_lung,ENSG00000267121.6,ENSG00000267121.6,Lung,chr17,hg38,0.01,0.99,50,1MB,gtex,Lung,100,8,5,True
ensg00000267369_1_lung,ENSG00000267369.1,ENSG00000267369.1,Lung,chr17,hg38,0.01,0.99,50,1MB,gtex,Lung,100,8,5,True
ensg00000267446_1_lung,ENSG00000267446.1,ENSG00000267446.1,Lung,chr17,hg38,0.01,0.99,50,1MB,gtex,Lung,100,8,5,True
ensg00000267711_1_lung,ENSG00000267711.1,ENSG00000267711.1,Lung,chr17,hg38,0.01,0.99,50,1MB,gtex,Lung,100,8,5,True
ensg00000274341_1_lung,ENSG00000274341.1,ENSG00000274341.1,Lung,chr17,hg38,0.01,0.99,50,1MB,gtex,Lung,100,8,5,True
ensg00000274756_1_lung,ENSG00000274756.1,ENSG00000274756.1,Lung,chr17,hg38,0.01,0.99,50,1MB,gtex,Lung,100,8,5,True
ensg00000275066_5_lung,ENSG00000275066.5,ENSG00000275066.5,Lung,chr17,hg38,0.01,0.99,50,1MB,gtex,Lung,100,8,5,True
ensg00000275152_5_lung,ENSG00000275152.5,ENSG00000275152.5,Lung,chr17,hg38,0.01,0.99,50,1MB,gtex,Lung,100,8,5,True
ensg00000277258_5_lung,ENSG00000277258.5,ENSG00000277258.5,Lung,chr17,hg38,0.01,0.99,50,1MB,gtex,Lung,100,8,5,True
ensg00000279069_1_lung,ENSG00000279069.1,ENSG00000279069.1,Lung,chr17,hg38,0.01,0.99,50,1MB,gtex,Lung,100,8,5,True
ensg00000279089_1_lung,ENSG00000279089.1,ENSG00000279089.1,Lung,chr17,hg38,0.01,0.99,50,1MB,gtex,Lung,100,8,5,True
ensg00000279199_1_lung,ENSG00000279199.1,ENSG00000279199.1,Lung,chr17,hg38,0.01,0.99,50,1MB,gtex,Lung,100,8,5,True
ensg00000279713_1_lung,ENSG00000279713.1,ENSG00000279713.1,Lung,chr17,hg38,0.01,0.99,50,1MB,gtex,Lung,100,8,5,True
ensg00000279744_1_lung,ENSG00000279744.1,ENSG00000279744.1,Lung,chr17,hg38,0.01,0.99,50,1MB,gtex,Lung,100,8,5,True
ensg00000279917_1_lung,ENSG00000279917.1,ENSG00000279917.1,Lung,chr17,hg38,0.01,0.99,50,1MB,gtex,Lung,100,8,5,True
ensg00000280279_1_lung,ENSG00000280279.1,ENSG00000280279.1,Lung,chr17,hg38,0.01,0.99,50,1MB,gtex,Lung,100,8,5,True
ensg00000280295_1_lung,ENSG00000280295.1,ENSG00000280295.1,Lung,chr17,hg38,0.01,0.99,50,1MB,gtex,Lung,100,8,5,True
ensg00000288993_1_lung,ENSG00000288993.1,ENSG00000288993.1,Lung,chr17,hg38,0.01,0.99,50,1MB,gtex,Lung,100,8,5,True
