locus_id,gene_name,gene_id,gene_type,gtex_tissue,gtex_chrom,reference_genome,maf_min,maf_max,min_sample_size,alphagenome_sequence_length,alphagenome_target_data_source,alphagenome_target_gtex_tissue,alphagenome_batch_size,alphagenome_max_workers,alphagenome_retry_wait_seconds,enabled
kpna6_chr1_lung,KPNA6,ENSG00000025800.14,protein_coding,Lung,chr1,hg38,0.01,0.99,50,1MB,gtex,Lung,100,8,5,True
chi3l2_chr1_lung,CHI3L2,ENSG00000064886.14,protein_coding,Lung,chr1,hg38,0.01,0.99,50,1MB,gtex,Lung,100,8,5,True
pacc1_chr1_lung,PACC1,ENSG00000065600.13,protein_coding,Lung,chr1,hg38,0.01,0.99,50,1MB,gtex,Lung,100,8,5,True
kdm4a_chr1_lung,KDM4A,ENSG00000066135.13,protein_coding,Lung,chr1,hg38,0.01,0.99,50,1MB,gtex,Lung,100,8,5,True
elovl1_chr1_lung,ELOVL1,ENSG00000066322.15,protein_coding,Lung,chr1,hg38,0.01,0.99,50,1MB,gtex,Lung,100,8,5,True
ptgs2_chr1_lung,PTGS2,ENSG00000073756.13,protein_coding,Lung,chr1,hg38,0.01,0.99,50,1MB,gtex,Lung,100,8,5,True
asap3_chr1_lung,ASAP3,ENSG00000088280.20,protein_coding,Lung,chr1,hg38,0.01,0.99,50,1MB,gtex,Lung,100,8,5,True
tnr_chr1_lung,TNR,ENSG00000116147.17,protein_coding,Lung,chr1,hg38,0.01,0.99,50,1MB,gtex,Lung,100,8,5,True
phf13_chr1_lung,PHF13,ENSG00000116273.6,protein_coding,Lung,chr1,hg38,0.01,0.99,50,1MB,gtex,Lung,100,8,5,True
srsf4_chr1_lung,SRSF4,ENSG00000116350.18,protein_coding,Lung,chr1,hg38,0.01,0.99,50,1MB,gtex,Lung,100,8,5,True
hdac1_chr1_lung,HDAC1,ENSG00000116478.12,protein_coding,Lung,chr1,hg38,0.01,0.99,50,1MB,gtex,Lung,100,8,5,True
dlgap3_chr1_lung,DLGAP3,ENSG00000116544.12,protein_coding,Lung,chr1,hg38,0.01,0.99,50,1MB,gtex,Lung,100,8,5,True
srm_chr1_lung,SRM,ENSG00000116649.10,protein_coding,Lung,chr1,hg38,0.01,0.99,50,1MB,gtex,Lung,100,8,5,True
cth_chr1_lung,CTH,ENSG00000116761.12,protein_coding,Lung,chr1,hg38,0.01,0.99,50,1MB,gtex,Lung,100,8,5,True
agmat_chr1_lung,AGMAT,ENSG00000116771.6,protein_coding,Lung,chr1,hg38,0.01,0.99,50,1MB,gtex,Lung,100,8,5,True
cfhr3_chr1_lung,CFHR3,ENSG00000116785.15,protein_coding,Lung,chr1,hg38,0.01,0.99,50,1MB,gtex,Lung,100,8,5,True
wars2_chr1_lung,WARS2,ENSG00000116874.12,protein_coding,Lung,chr1,hg38,0.01,0.99,50,1MB,gtex,Lung,100,8,5,True
mtr_chr1_lung,MTR,ENSG00000116984.15,protein_coding,Lung,chr1,hg38,0.01,0.99,50,1MB,gtex,Lung,100,8,5,True
acadm_chr1_lung,ACADM,ENSG00000117054.15,protein_coding,Lung,chr1,hg38,0.01,0.99,50,1MB,gtex,Lung,100,8,5,True
cd48_chr1_lung,CD48,ENSG00000117091.10,protein_coding,Lung,chr1,hg38,0.01,0.99,50,1MB,gtex,Lung,100,8,5,True
rgs4_chr1_lung,RGS4,ENSG00000117152.14,protein_coding,Lung,chr1,hg38,0.01,0.99,50,1MB,gtex,Lung,100,8,5,True
igsf21_chr1_lung,IGSF21,ENSG00000117154.12,protein_coding,Lung,chr1,hg38,0.01,0.99,50,1MB,gtex,Lung,100,8,5,True
gale_chr1_lung,GALE,ENSG00000117308.15,protein_coding,Lung,chr1,hg38,0.01,0.99,50,1MB,gtex,Lung,100,8,5,True
p3h1_chr1_lung,P3H1,ENSG00000117385.16,protein_coding,Lung,chr1,hg38,0.01,0.99,50,1MB,gtex,Lung,100,8,5,True
cdc20_chr1_lung,CDC20,ENSG00000117399.14,protein_coding,Lung,chr1,hg38,0.01,0.99,50,1MB,gtex,Lung,100,8,5,True
tspan1_chr1_lung,TSPAN1,ENSG00000117472.10,protein_coding,Lung,chr1,hg38,0.01,0.99,50,1MB,gtex,Lung,100,8,5,True
blzf1_chr1_lung,BLZF1,ENSG00000117475.14,protein_coding,Lung,chr1,hg38,0.01,0.99,50,1MB,gtex,Lung,100,8,5,True
cnn3_chr1_lung,CNN3,ENSG00000117519.16,protein_coding,Lung,chr1,hg38,0.01,0.99,50,1MB,gtex,Lung,100,8,5,True
stmn1_chr1_lung,STMN1,ENSG00000117632.23,protein_coding,Lung,chr1,hg38,0.01,0.99,50,1MB,gtex,Lung,100,8,5,True
camsap2_chr1_lung,CAMSAP2,ENSG00000118200.15,protein_coding,Lung,chr1,hg38,0.01,0.99,50,1MB,gtex,Lung,100,8,5,True
desi2_chr1_lung,DESI2,ENSG00000121644.19,protein_coding,Lung,chr1,hg38,0.01,0.99,50,1MB,gtex,Lung,100,8,5,True
ly9_chr1_lung,LY9,ENSG00000122224.18,protein_coding,Lung,chr1,hg38,0.01,0.99,50,1MB,gtex,Lung,100,8,5,True
rnf11_chr1_lung,RNF11,ENSG00000123091.5,protein_coding,Lung,chr1,hg38,0.01,0.99,50,1MB,gtex,Lung,100,8,5,True
ahdc1_chr1_lung,AHDC1,ENSG00000126705.15,protein_coding,Lung,chr1,hg38,0.01,0.99,50,1MB,gtex,Lung,100,8,5,True
ubr4_chr1_lung,UBR4,ENSG00000127481.15,protein_coding,Lung,chr1,hg38,0.01,0.99,50,1MB,gtex,Lung,100,8,5,True
fmo5_chr1_lung,FMO5,ENSG00000131781.13,protein_coding,Lung,chr1,hg38,0.01,0.99,50,1MB,gtex,Lung,100,8,5,True
syt11_chr1_lung,SYT11,ENSG00000132718.9,protein_coding,Lung,chr1,hg38,0.01,0.99,50,1MB,gtex,Lung,100,8,5,True
srrm1_chr1_lung,SRRM1,ENSG00000133226.18,protein_coding,Lung,chr1,hg38,0.01,0.99,50,1MB,gtex,Lung,100,8,5,True
prpf38b_chr1_lung,PRPF38B,ENSG00000134186.12,protein_coding,Lung,chr1,hg38,0.01,0.99,50,1MB,gtex,Lung,100,8,5,True
gstm5_chr1_lung,GSTM5,ENSG00000134201.12,protein_coding,Lung,chr1,hg38,0.01,0.99,50,1MB,gtex,Lung,100,8,5,True
ptpn22_chr1_lung,PTPN22,ENSG00000134242.16,protein_coding,Lung,chr1,hg38,0.01,0.99,50,1MB,gtex,Lung,100,8,5,True
rps6kc1_chr1_lung,RPS6KC1,ENSG00000136643.12,protein_coding,Lung,chr1,hg38,0.01,0.99,50,1MB,gtex,Lung,100,8,5,True
c1orf216_chr1_lung,C1orf216,ENSG00000142686.8,protein_coding,Lung,chr1,hg38,0.01,0.99,50,1MB,gtex,Lung,100,8,5,True
mpc2_chr1_lung,MPC2,ENSG00000143158.11,protein_coding,Lung,chr1,hg38,0.01,0.99,50,1MB,gtex,Lung,100,8,5,True
adcy10_chr1_lung,ADCY10,ENSG00000143199.18,protein_coding,Lung,chr1,hg38,0.01,0.99,50,1MB,gtex,Lung,100,8,5,True
mettl25b_chr1_lung,METTL25B,ENSG00000143303.12,protein_coding,Lung,chr1,hg38,0.01,0.99,50,1MB,gtex,Lung,100,8,5,True
ctsk_chr1_lung,CTSK,ENSG00000143387.14,protein_coding,Lung,chr1,hg38,0.01,0.99,50,1MB,gtex,Lung,100,8,5,True
ensa_chr1_lung,ENSA,ENSG00000143420.19,protein_coding,Lung,chr1,hg38,0.01,0.99,50,1MB,gtex,Lung,100,8,5,True
nup210l_chr1_lung,NUP210L,ENSG00000143552.9,protein_coding,Lung,chr1,hg38,0.01,0.99,50,1MB,gtex,Lung,100,8,5,True
slc39a1_chr1_lung,SLC39A1,ENSG00000143570.19,protein_coding,Lung,chr1,hg38,0.01,0.99,50,1MB,gtex,Lung,100,8,5,True
ilf2_chr1_lung,ILF2,ENSG00000143621.17,protein_coding,Lung,chr1,hg38,0.01,0.99,50,1MB,gtex,Lung,100,8,5,True
ttc13_chr1_lung,TTC13,ENSG00000143643.13,protein_coding,Lung,chr1,hg38,0.01,0.99,50,1MB,gtex,Lung,100,8,5,True
lefty2_chr1_lung,LEFTY2,ENSG00000143768.13,protein_coding,Lung,chr1,hg38,0.01,0.99,50,1MB,gtex,Lung,100,8,5,True
rgs18_chr1_lung,RGS18,ENSG00000150681.10,protein_coding,Lung,chr1,hg38,0.01,0.99,50,1MB,gtex,Lung,100,8,5,True
nek7_chr1_lung,NEK7,ENSG00000151414.15,protein_coding,Lung,chr1,hg38,0.01,0.99,50,1MB,gtex,Lung,100,8,5,True
enah_chr1_lung,ENAH,ENSG00000154380.18,protein_coding,Lung,chr1,hg38,0.01,0.99,50,1MB,gtex,Lung,100,8,5,True
cfap107_chr1_lung,CFAP107,ENSG00000157330.10,protein_coding,Lung,chr1,hg38,0.01,0.99,50,1MB,gtex,Lung,100,8,5,True
cd1d_chr1_lung,CD1D,ENSG00000158473.8,protein_coding,Lung,chr1,hg38,0.01,0.99,50,1MB,gtex,Lung,100,8,5,True
lad1_chr1_lung,LAD1,ENSG00000159166.15,protein_coding,Lung,chr1,hg38,0.01,0.99,50,1MB,gtex,Lung,100,8,5,True
psmb4_chr1_lung,PSMB4,ENSG00000159377.11,protein_coding,Lung,chr1,hg38,0.01,0.99,50,1MB,gtex,Lung,100,8,5,True
bsdc1_chr1_lung,BSDC1,ENSG00000160058.19,protein_coding,Lung,chr1,hg38,0.01,0.99,50,1MB,gtex,Lung,100,8,5,True
shc1_chr1_lung,SHC1,ENSG00000160691.19,protein_coding,Lung,chr1,hg38,0.01,0.99,50,1MB,gtex,Lung,100,8,5,True
lrrc71_chr1_lung,LRRC71,ENSG00000160838.14,protein_coding,Lung,chr1,hg38,0.01,0.99,50,1MB,gtex,Lung,100,8,5,True
slc1a7_chr1_lung,SLC1A7,ENSG00000162383.13,protein_coding,Lung,chr1,hg38,0.01,0.99,50,1MB,gtex,Lung,100,8,5,True
usp24_chr1_lung,USP24,ENSG00000162402.14,protein_coding,Lung,chr1,hg38,0.01,0.99,50,1MB,gtex,Lung,100,8,5,True
fblim1_chr1_lung,FBLIM1,ENSG00000162458.13,protein_coding,Lung,chr1,hg38,0.01,0.99,50,1MB,gtex,Lung,100,8,5,True
lrrc38_chr1_lung,LRRC38,ENSG00000162494.6,protein_coding,Lung,chr1,hg38,0.01,0.99,50,1MB,gtex,Lung,100,8,5,True
kiaa1522_chr1_lung,KIAA1522,ENSG00000162522.11,protein_coding,Lung,chr1,hg38,0.01,0.99,50,1MB,gtex,Lung,100,8,5,True
eeig2_chr1_lung,EEIG2,ENSG00000162636.16,protein_coding,Lung,chr1,hg38,0.01,0.99,50,1MB,gtex,Lung,100,8,5,True
bpnt1_chr1_lung,BPNT1,ENSG00000162813.18,protein_coding,Lung,chr1,hg38,0.01,0.99,50,1MB,gtex,Lung,100,8,5,True
klhdc8a_chr1_lung,KLHDC8A,ENSG00000162873.15,protein_coding,Lung,chr1,hg38,0.01,0.99,50,1MB,gtex,Lung,100,8,5,True
cfap141_chr1_lung,CFAP141,ENSG00000163263.7,protein_coding,Lung,chr1,hg38,0.01,0.99,50,1MB,gtex,Lung,100,8,5,True
snip1_chr1_lung,SNIP1,ENSG00000163877.11,protein_coding,Lung,chr1,hg38,0.01,0.99,50,1MB,gtex,Lung,100,8,5,True
mfsd2a_chr1_lung,MFSD2A,ENSG00000168389.18,protein_coding,Lung,chr1,hg38,0.01,0.99,50,1MB,gtex,Lung,100,8,5,True
ndufs5_chr1_lung,NDUFS5,ENSG00000168653.11,protein_coding,Lung,chr1,hg38,0.01,0.99,50,1MB,gtex,Lung,100,8,5,True
ahcyl1_chr1_lung,AHCYL1,ENSG00000168710.18,protein_coding,Lung,chr1,hg38,0.01,0.99,50,1MB,gtex,Lung,100,8,5,True
gstm4_chr1_lung,GSTM4,ENSG00000168765.18,protein_coding,Lung,chr1,hg38,0.01,0.99,50,1MB,gtex,Lung,100,8,5,True
znf692_chr1_lung,ZNF692,ENSG00000171163.16,protein_coding,Lung,chr1,hg38,0.01,0.99,50,1MB,gtex,Lung,100,8,5,True
uqcrh_chr1_lung,UQCRH,ENSG00000173660.12,protein_coding,Lung,chr1,hg38,0.01,0.99,50,1MB,gtex,Lung,100,8,5,True
cyb561d1_chr1_lung,CYB561D1,ENSG00000174151.15,protein_coding,Lung,chr1,hg38,0.01,0.99,50,1MB,gtex,Lung,100,8,5,True
miga1_chr1_lung,MIGA1,ENSG00000180488.16,protein_coding,Lung,chr1,hg38,0.01,0.99,50,1MB,gtex,Lung,100,8,5,True
dnah14_chr1_lung,DNAH14,ENSG00000185842.16,protein_coding,Lung,chr1,hg38,0.01,0.99,50,1MB,gtex,Lung,100,8,5,True
zfp69_chr1_lung,ZFP69,ENSG00000187815.10,protein_coding,Lung,chr1,hg38,0.01,0.99,50,1MB,gtex,Lung,100,8,5,True
gpr89b_chr1_lung,GPR89B,ENSG00000188092.15,protein_coding,Lung,chr1,hg38,0.01,0.99,50,1MB,gtex,Lung,100,8,5,True
cdc42se1_chr1_lung,CDC42SE1,ENSG00000197622.13,protein_coding,Lung,chr1,hg38,0.01,0.99,50,1MB,gtex,Lung,100,8,5,True
or14l1p_chr1_lung,OR14L1P,ENSG00000198452.8,protein_coding,Lung,chr1,hg38,0.01,0.99,50,1MB,gtex,Lung,100,8,5,True
colgalt2_chr1_lung,COLGALT2,ENSG00000198756.12,protein_coding,Lung,chr1,hg38,0.01,0.99,50,1MB,gtex,Lung,100,8,5,True
lrig2_chr1_lung,LRIG2,ENSG00000198799.12,protein_coding,Lung,chr1,hg38,0.01,0.99,50,1MB,gtex,Lung,100,8,5,True
foxj3_chr1_lung,FOXJ3,ENSG00000198815.9,protein_coding,Lung,chr1,hg38,0.01,0.99,50,1MB,gtex,Lung,100,8,5,True
cd247_chr1_lung,CD247,ENSG00000198821.11,protein_coding,Lung,chr1,hg38,0.01,0.99,50,1MB,gtex,Lung,100,8,5,True
tatdn3_chr1_lung,TATDN3,ENSG00000203705.11,protein_coding,Lung,chr1,hg38,0.01,0.99,50,1MB,gtex,Lung,100,8,5,True
phactr4_chr1_lung,PHACTR4,ENSG00000204138.13,protein_coding,Lung,chr1,hg38,0.01,0.99,50,1MB,gtex,Lung,100,8,5,True
tcea3_chr1_lung,TCEA3,ENSG00000204219.11,protein_coding,Lung,chr1,hg38,0.01,0.99,50,1MB,gtex,Lung,100,8,5,True
cfap45_chr1_lung,CFAP45,ENSG00000213085.10,protein_coding,Lung,chr1,hg38,0.01,0.99,50,1MB,gtex,Lung,100,8,5,True
btbd19_chr1_lung,BTBD19,ENSG00000222009.8,protein_coding,Lung,chr1,hg38,0.01,0.99,50,1MB,gtex,Lung,100,8,5,True
c1orf226_chr1_lung,C1orf226,ENSG00000239887.6,protein_coding,Lung,chr1,hg38,0.01,0.99,50,1MB,gtex,Lung,100,8,5,True
fcgr2c_chr1_lung,FCGR2C,ENSG00000244682.8,protein_coding,Lung,chr1,hg38,0.01,0.99,50,1MB,gtex,Lung,100,8,5,True
sec22b_chr1_lung,SEC22B,ENSG00000265808.4,protein_coding,Lung,chr1,hg38,0.01,0.99,50,1MB,gtex,Lung,100,8,5,True
nbpf19_chr1_lung,NBPF19,ENSG00000271383.8,protein_coding,Lung,chr1,hg38,0.01,0.99,50,1MB,gtex,Lung,100,8,5,True
lix1l_chr1_lung,LIX1L,ENSG00000271601.4,protein_coding,Lung,chr1,hg38,0.01,0.99,50,1MB,gtex,Lung,100,8,5,True
dcn_chr12_lung,DCN,ENSG00000011465.18,protein_coding,Lung,chr12,hg38,0.01,0.99,50,1MB,gtex,Lung,100,8,5,True
zcchc8_chr12_lung,ZCCHC8,ENSG00000033030.15,protein_coding,Lung,chr12,hg38,0.01,0.99,50,1MB,gtex,Lung,100,8,5,True
pkp2_chr12_lung,PKP2,ENSG00000057294.16,protein_coding,Lung,chr12,hg38,0.01,0.99,50,1MB,gtex,Lung,100,8,5,True
ppp1r12a_chr12_lung,PPP1R12A,ENSG00000058272.19,protein_coding,Lung,chr12,hg38,0.01,0.99,50,1MB,gtex,Lung,100,8,5,True
mon2_chr12_lung,MON2,ENSG00000061987.16,protein_coding,Lung,chr12,hg38,0.01,0.99,50,1MB,gtex,Lung,100,8,5,True
erbb3_chr12_lung,ERBB3,ENSG00000065361.17,protein_coding,Lung,chr12,hg38,0.01,0.99,50,1MB,gtex,Lung,100,8,5,True
wscd2_chr12_lung,WSCD2,ENSG00000075035.10,protein_coding,Lung,chr12,hg38,0.01,0.99,50,1MB,gtex,Lung,100,8,5,True
rapgef3_chr12_lung,RAPGEF3,ENSG00000079337.16,protein_coding,Lung,chr12,hg38,0.01,0.99,50,1MB,gtex,Lung,100,8,5,True
wbp11_chr12_lung,WBP11,ENSG00000084463.8,protein_coding,Lung,chr12,hg38,0.01,0.99,50,1MB,gtex,Lung,100,8,5,True
tesc_chr12_lung,TESC,ENSG00000088992.18,protein_coding,Lung,chr12,hg38,0.01,0.99,50,1MB,gtex,Lung,100,8,5,True
lag3_chr12_lung,LAG3,ENSG00000089692.9,protein_coding,Lung,chr12,hg38,0.01,0.99,50,1MB,gtex,Lung,100,8,5,True
vwf_chr12_lung,VWF,ENSG00000110799.14,protein_coding,Lung,chr12,hg38,0.01,0.99,50,1MB,gtex,Lung,100,8,5,True
p3h3_chr12_lung,P3H3,ENSG00000110811.20,protein_coding,Lung,chr12,hg38,0.01,0.99,50,1MB,gtex,Lung,100,8,5,True
prpf40b_chr12_lung,PRPF40B,ENSG00000110844.14,protein_coding,Lung,chr12,hg38,0.01,0.99,50,1MB,gtex,Lung,100,8,5,True
slc11a2_chr12_lung,SLC11A2,ENSG00000110911.17,protein_coding,Lung,chr12,hg38,0.01,0.99,50,1MB,gtex,Lung,100,8,5,True
camkk2_chr12_lung,CAMKK2,ENSG00000110931.19,protein_coding,Lung,chr12,hg38,0.01,0.99,50,1MB,gtex,Lung,100,8,5,True
bcl7a_chr12_lung,BCL7A,ENSG00000110987.9,protein_coding,Lung,chr12,hg38,0.01,0.99,50,1MB,gtex,Lung,100,8,5,True
myf6_chr12_lung,MYF6,ENSG00000111046.4,protein_coding,Lung,chr12,hg38,0.01,0.99,50,1MB,gtex,Lung,100,8,5,True
krt18_chr12_lung,KRT18,ENSG00000111057.11,protein_coding,Lung,chr12,hg38,0.01,0.99,50,1MB,gtex,Lung,100,8,5,True
foxm1_chr12_lung,FOXM1,ENSG00000111206.13,protein_coding,Lung,chr12,hg38,0.01,0.99,50,1MB,gtex,Lung,100,8,5,True
spring1_chr12_lung,SPRING1,ENSG00000111412.6,protein_coding,Lung,chr12,hg38,0.01,0.99,50,1MB,gtex,Lung,100,8,5,True
stx2_chr12_lung,STX2,ENSG00000111450.14,protein_coding,Lung,chr12,hg38,0.01,0.99,50,1MB,gtex,Lung,100,8,5,True
copz1_chr12_lung,COPZ1,ENSG00000111481.10,protein_coding,Lung,chr12,hg38,0.01,0.99,50,1MB,gtex,Lung,100,8,5,True
nup107_chr12_lung,NUP107,ENSG00000111581.10,protein_coding,Lung,chr12,hg38,0.01,0.99,50,1MB,gtex,Lung,100,8,5,True
cpsf6_chr12_lung,CPSF6,ENSG00000111605.18,protein_coding,Lung,chr12,hg38,0.01,0.99,50,1MB,gtex,Lung,100,8,5,True
slco1b3_chr12_lung,SLCO1B3,ENSG00000111700.13,protein_coding,Lung,chr12,hg38,0.01,0.99,50,1MB,gtex,Lung,100,8,5,True
fgfr1op2_chr12_lung,FGFR1OP2,ENSG00000111790.14,protein_coding,Lung,chr12,hg38,0.01,0.99,50,1MB,gtex,Lung,100,8,5,True
dnai7_chr12_lung,DNAI7,ENSG00000118307.20,protein_coding,Lung,chr12,hg38,0.01,0.99,50,1MB,gtex,Lung,100,8,5,True
socs2_chr12_lung,SOCS2,ENSG00000120833.14,protein_coding,Lung,chr12,hg38,0.01,0.99,50,1MB,gtex,Lung,100,8,5,True
washc3_chr12_lung,WASHC3,ENSG00000120860.11,protein_coding,Lung,chr12,hg38,0.01,0.99,50,1MB,gtex,Lung,100,8,5,True
bhlhe41_chr12_lung,BHLHE41,ENSG00000123095.6,protein_coding,Lung,chr12,hg38,0.01,0.99,50,1MB,gtex,Lung,100,8,5,True
atg101_chr12_lung,ATG101,ENSG00000123395.15,protein_coding,Lung,chr12,hg38,0.01,0.99,50,1MB,gtex,Lung,100,8,5,True
smug1_chr12_lung,SMUG1,ENSG00000123415.16,protein_coding,Lung,chr12,hg38,0.01,0.99,50,1MB,gtex,Lung,100,8,5,True
pzp_chr12_lung,PZP,ENSG00000126838.10,protein_coding,Lung,chr12,hg38,0.01,0.99,50,1MB,gtex,Lung,100,8,5,True
pus7l_chr12_lung,PUS7L,ENSG00000129317.15,protein_coding,Lung,chr12,hg38,0.01,0.99,50,1MB,gtex,Lung,100,8,5,True
cracr2a_chr12_lung,CRACR2A,ENSG00000130038.10,protein_coding,Lung,chr12,hg38,0.01,0.99,50,1MB,gtex,Lung,100,8,5,True
hip1r_chr12_lung,HIP1R,ENSG00000130787.14,protein_coding,Lung,chr12,hg38,0.01,0.99,50,1MB,gtex,Lung,100,8,5,True
tmtc1_chr12_lung,TMTC1,ENSG00000133687.16,protein_coding,Lung,chr12,hg38,0.01,0.99,50,1MB,gtex,Lung,100,8,5,True
slc38a2_chr12_lung,SLC38A2,ENSG00000134294.14,protein_coding,Lung,chr12,hg38,0.01,0.99,50,1MB,gtex,Lung,100,8,5,True
itga7_chr12_lung,ITGA7,ENSG00000135424.19,protein_coding,Lung,chr12,hg38,0.01,0.99,50,1MB,gtex,Lung,100,8,5,True
ppp1r1a_chr12_lung,PPP1R1A,ENSG00000135447.17,protein_coding,Lung,chr12,hg38,0.01,0.99,50,1MB,gtex,Lung,100,8,5,True
pan2_chr12_lung,PAN2,ENSG00000135473.16,protein_coding,Lung,chr12,hg38,0.01,0.99,50,1MB,gtex,Lung,100,8,5,True
mdm2_chr12_lung,MDM2,ENSG00000135679.27,protein_coding,Lung,chr12,hg38,0.01,0.99,50,1MB,gtex,Lung,100,8,5,True
aldh1l2_chr12_lung,ALDH1L2,ENSG00000136010.14,protein_coding,Lung,chr12,hg38,0.01,0.99,50,1MB,gtex,Lung,100,8,5,True
usp44_chr12_lung,USP44,ENSG00000136014.12,protein_coding,Lung,chr12,hg38,0.01,0.99,50,1MB,gtex,Lung,100,8,5,True
ckap4_chr12_lung,CKAP4,ENSG00000136026.14,protein_coding,Lung,chr12,hg38,0.01,0.99,50,1MB,gtex,Lung,100,8,5,True
pde6h_chr12_lung,PDE6H,ENSG00000139053.3,protein_coding,Lung,chr12,hg38,0.01,0.99,50,1MB,gtex,Lung,100,8,5,True
erp27_chr12_lung,ERP27,ENSG00000139055.7,protein_coding,Lung,chr12,hg38,0.01,0.99,50,1MB,gtex,Lung,100,8,5,True
zcrb1_chr12_lung,ZCRB1,ENSG00000139168.9,protein_coding,Lung,chr12,hg38,0.01,0.99,50,1MB,gtex,Lung,100,8,5,True
ndufa9_chr12_lung,NDUFA9,ENSG00000139180.11,protein_coding,Lung,chr12,hg38,0.01,0.99,50,1MB,gtex,Lung,100,8,5,True
tapbpl_chr12_lung,TAPBPL,ENSG00000139192.12,protein_coding,Lung,chr12,hg38,0.01,0.99,50,1MB,gtex,Lung,100,8,5,True
scaf11_chr12_lung,SCAF11,ENSG00000139218.18,protein_coding,Lung,chr12,hg38,0.01,0.99,50,1MB,gtex,Lung,100,8,5,True
glipr1_chr12_lung,GLIPR1,ENSG00000139278.10,protein_coding,Lung,chr12,hg38,0.01,0.99,50,1MB,gtex,Lung,100,8,5,True
ptprq_chr12_lung,PTPRQ,ENSG00000139304.16,protein_coding,Lung,chr12,hg38,0.01,0.99,50,1MB,gtex,Lung,100,8,5,True
tmtc3_chr12_lung,TMTC3,ENSG00000139324.12,protein_coding,Lung,chr12,hg38,0.01,0.99,50,1MB,gtex,Lung,100,8,5,True
ascl1_chr12_lung,ASCL1,ENSG00000139352.4,protein_coding,Lung,chr12,hg38,0.01,0.99,50,1MB,gtex,Lung,100,8,5,True
tarbp2_chr12_lung,TARBP2,ENSG00000139546.11,protein_coding,Lung,chr12,hg38,0.01,0.99,50,1MB,gtex,Lung,100,8,5,True
map3k12_chr12_lung,MAP3K12,ENSG00000139625.13,protein_coding,Lung,chr12,hg38,0.01,0.99,50,1MB,gtex,Lung,100,8,5,True
abtb3_chr12_lung,ABTB3,ENSG00000151136.15,protein_coding,Lung,chr12,hg38,0.01,0.99,50,1MB,gtex,Lung,100,8,5,True
ano4_chr12_lung,ANO4,ENSG00000151572.18,protein_coding,Lung,chr12,hg38,0.01,0.99,50,1MB,gtex,Lung,100,8,5,True
glt1d1_chr12_lung,GLT1D1,ENSG00000151948.12,protein_coding,Lung,chr12,hg38,0.01,0.99,50,1MB,gtex,Lung,100,8,5,True
tmem132d_chr12_lung,TMEM132D,ENSG00000151952.16,protein_coding,Lung,chr12,hg38,0.01,0.99,50,1MB,gtex,Lung,100,8,5,True
ptprr_chr12_lung,PTPRR,ENSG00000153233.13,protein_coding,Lung,chr12,hg38,0.01,0.99,50,1MB,gtex,Lung,100,8,5,True
itga5_chr12_lung,ITGA5,ENSG00000161638.11,protein_coding,Lung,chr12,hg38,0.01,0.99,50,1MB,gtex,Lung,100,8,5,True
aqp5_chr12_lung,AQP5,ENSG00000161798.7,protein_coding,Lung,chr12,hg38,0.01,0.99,50,1MB,gtex,Lung,100,8,5,True
pdzrn4_chr12_lung,PDZRN4,ENSG00000165966.16,protein_coding,Lung,chr12,hg38,0.01,0.99,50,1MB,gtex,Lung,100,8,5,True
depdc4_chr12_lung,DEPDC4,ENSG00000166153.17,protein_coding,Lung,chr12,hg38,0.01,0.99,50,1MB,gtex,Lung,100,8,5,True
frs2_chr12_lung,FRS2,ENSG00000166225.9,protein_coding,Lung,chr12,hg38,0.01,0.99,50,1MB,gtex,Lung,100,8,5,True
clec4d_chr12_lung,CLEC4D,ENSG00000166527.8,protein_coding,Lung,chr12,hg38,0.01,0.99,50,1MB,gtex,Lung,100,8,5,True
iqcd_chr12_lung,IQCD,ENSG00000166578.10,protein_coding,Lung,chr12,hg38,0.01,0.99,50,1MB,gtex,Lung,100,8,5,True
gpr182_chr12_lung,GPR182,ENSG00000166856.3,protein_coding,Lung,chr12,hg38,0.01,0.99,50,1MB,gtex,Lung,100,8,5,True
nab2_chr12_lung,NAB2,ENSG00000166886.13,protein_coding,Lung,chr12,hg38,0.01,0.99,50,1MB,gtex,Lung,100,8,5,True
stat6_chr12_lung,STAT6,ENSG00000166888.12,protein_coding,Lung,chr12,hg38,0.01,0.99,50,1MB,gtex,Lung,100,8,5,True
mars1_chr12_lung,MARS1,ENSG00000166986.15,protein_coding,Lung,chr12,hg38,0.01,0.99,50,1MB,gtex,Lung,100,8,5,True
aqp2_chr12_lung,AQP2,ENSG00000167580.8,protein_coding,Lung,chr12,hg38,0.01,0.99,50,1MB,gtex,Lung,100,8,5,True
krt1_chr12_lung,KRT1,ENSG00000167768.4,protein_coding,Lung,chr12,hg38,0.01,0.99,50,1MB,gtex,Lung,100,8,5,True
krt8_chr12_lung,KRT8,ENSG00000170421.13,protein_coding,Lung,chr12,hg38,0.01,0.99,50,1MB,gtex,Lung,100,8,5,True
smagp_chr12_lung,SMAGP,ENSG00000170545.17,protein_coding,Lung,chr12,hg38,0.01,0.99,50,1MB,gtex,Lung,100,8,5,True
clec12a_chr12_lung,CLEC12A,ENSG00000172322.14,protein_coding,Lung,chr12,hg38,0.01,0.99,50,1MB,gtex,Lung,100,8,5,True
olr1_chr12_lung,OLR1,ENSG00000173391.9,protein_coding,Lung,chr12,hg38,0.01,0.99,50,1MB,gtex,Lung,100,8,5,True
cep83_chr12_lung,CEP83,ENSG00000173588.16,protein_coding,Lung,chr12,hg38,0.01,0.99,50,1MB,gtex,Lung,100,8,5,True
msrb3_chr12_lung,MSRB3,ENSG00000174099.12,protein_coding,Lung,chr12,hg38,0.01,0.99,50,1MB,gtex,Lung,100,8,5,True
c12orf76_chr12_lung,C12orf76,ENSG00000174456.16,protein_coding,Lung,chr12,hg38,0.01,0.99,50,1MB,gtex,Lung,100,8,5,True
ano6_chr12_lung,ANO6,ENSG00000177119.17,protein_coding,Lung,chr12,hg38,0.01,0.99,50,1MB,gtex,Lung,100,8,5,True
dpy19l2_chr12_lung,DPY19L2,ENSG00000177990.12,protein_coding,Lung,chr12,hg38,0.01,0.99,50,1MB,gtex,Lung,100,8,5,True
ptpn11_chr12_lung,PTPN11,ENSG00000179295.19,protein_coding,Lung,chr12,hg38,0.01,0.99,50,1MB,gtex,Lung,100,8,5,True
pced1b_chr12_lung,PCED1B,ENSG00000179715.13,protein_coding,Lung,chr12,hg38,0.01,0.99,50,1MB,gtex,Lung,100,8,5,True
nxph4_chr12_lung,NXPH4,ENSG00000182379.10,protein_coding,Lung,chr12,hg38,0.01,0.99,50,1MB,gtex,Lung,100,8,5,True
galnt9_chr12_lung,GALNT9,ENSG00000182870.13,protein_coding,Lung,chr12,hg38,0.01,0.99,50,1MB,gtex,Lung,100,8,5,True
klrc4_chr12_lung,KLRC4,ENSG00000183542.6,protein_coding,Lung,chr12,hg38,0.01,0.99,50,1MB,gtex,Lung,100,8,5,True
diablo_chr12_lung,DIABLO,ENSG00000184047.20,protein_coding,Lung,chr12,hg38,0.01,0.99,50,1MB,gtex,Lung,100,8,5,True
snrnp35_chr12_lung,SNRNP35,ENSG00000184209.15,protein_coding,Lung,chr12,hg38,0.01,0.99,50,1MB,gtex,Lung,100,8,5,True
atp6v0a2_chr12_lung,ATP6V0A2,ENSG00000185344.15,protein_coding,Lung,chr12,hg38,0.01,0.99,50,1MB,gtex,Lung,100,8,5,True
ntf3_chr12_lung,NTF3,ENSG00000185652.12,protein_coding,Lung,chr12,hg38,0.01,0.99,50,1MB,gtex,Lung,100,8,5,True
arid2_chr12_lung,ARID2,ENSG00000189079.17,protein_coding,Lung,chr12,hg38,0.01,0.99,50,1MB,gtex,Lung,100,8,5,True
ncor2_chr12_lung,NCOR2,ENSG00000196498.13,protein_coding,Lung,chr12,hg38,0.01,0.99,50,1MB,gtex,Lung,100,8,5,True
scn8a_chr12_lung,SCN8A,ENSG00000196876.18,protein_coding,Lung,chr12,hg38,0.01,0.99,50,1MB,gtex,Lung,100,8,5,True
hoxc6_chr12_lung,HOXC6,ENSG00000197757.8,protein_coding,Lung,chr12,hg38,0.01,0.99,50,1MB,gtex,Lung,100,8,5,True
mmp17_chr12_lung,MMP17,ENSG00000198598.7,protein_coding,Lung,chr12,hg38,0.01,0.99,50,1MB,gtex,Lung,100,8,5,True
ficd_chr12_lung,FICD,ENSG00000198855.7,protein_coding,Lung,chr12,hg38,0.01,0.99,50,1MB,gtex,Lung,100,8,5,True
cdc27_chr17_lung,CDC27,ENSG00000004897.12,protein_coding,Lung,chr17,hg38,0.01,0.99,50,1MB,gtex,Lung,100,8,5,True
tspoap1_chr17_lung,TSPOAP1,ENSG00000005379.17,protein_coding,Lung,chr17,hg38,0.01,0.99,50,1MB,gtex,Lung,100,8,5,True
mks1_chr17_lung,MKS1,ENSG00000011143.19,protein_coding,Lung,chr17,hg38,0.01,0.99,50,1MB,gtex,Lung,100,8,5,True
utp18_chr17_lung,UTP18,ENSG00000011260.14,protein_coding,Lung,chr17,hg38,0.01,0.99,50,1MB,gtex,Lung,100,8,5,True
map2k3_chr17_lung,MAP2K3,ENSG00000034152.19,protein_coding,Lung,chr17,hg38,0.01,0.99,50,1MB,gtex,Lung,100,8,5,True
timp2_chr17_lung,TIMP2,ENSG00000035862.12,protein_coding,Lung,chr17,hg38,0.01,0.99,50,1MB,gtex,Lung,100,8,5,True
sdk2_chr17_lung,SDK2,ENSG00000069188.17,protein_coding,Lung,chr17,hg38,0.01,0.99,50,1MB,gtex,Lung,100,8,5,True
acap1_chr17_lung,ACAP1,ENSG00000072818.12,protein_coding,Lung,chr17,hg38,0.01,0.99,50,1MB,gtex,Lung,100,8,5,True
nfe2l1_chr17_lung,NFE2L1,ENSG00000082641.16,protein_coding,Lung,chr17,hg38,0.01,0.99,50,1MB,gtex,Lung,100,8,5,True
alkbh5_chr17_lung,ALKBH5,ENSG00000091542.9,protein_coding,Lung,chr17,hg38,0.01,0.99,50,1MB,gtex,Lung,100,8,5,True
cryba1_chr17_lung,CRYBA1,ENSG00000108255.8,protein_coding,Lung,chr17,hg38,0.01,0.99,50,1MB,gtex,Lung,100,8,5,True
rapgefl1_chr17_lung,RAPGEFL1,ENSG00000108352.13,protein_coding,Lung,chr17,hg38,0.01,0.99,50,1MB,gtex,Lung,100,8,5,True
pfn1_chr17_lung,PFN1,ENSG00000108518.8,protein_coding,Lung,chr17,hg38,0.01,0.99,50,1MB,gtex,Lung,100,8,5,True
rnf167_chr17_lung,RNF167,ENSG00000108523.16,protein_coding,Lung,chr17,hg38,0.01,0.99,50,1MB,gtex,Lung,100,8,5,True
rai1_chr17_lung,RAI1,ENSG00000108557.20,protein_coding,Lung,chr17,hg38,0.01,0.99,50,1MB,gtex,Lung,100,8,5,True
cpd_chr17_lung,CPD,ENSG00000108582.12,protein_coding,Lung,chr17,hg38,0.01,0.99,50,1MB,gtex,Lung,100,8,5,True
ddx5_chr17_lung,DDX5,ENSG00000108654.16,protein_coding,Lung,chr17,hg38,0.01,0.99,50,1MB,gtex,Lung,100,8,5,True
ccl2_chr17_lung,CCL2,ENSG00000108691.9,protein_coding,Lung,chr17,hg38,0.01,0.99,50,1MB,gtex,Lung,100,8,5,True
hsd17b1_chr17_lung,HSD17B1,ENSG00000108786.11,protein_coding,Lung,chr17,hg38,0.01,0.99,50,1MB,gtex,Lung,100,8,5,True
abi3_chr17_lung,ABI3,ENSG00000108798.9,protein_coding,Lung,chr17,hg38,0.01,0.99,50,1MB,gtex,Lung,100,8,5,True
mrpl27_chr17_lung,MRPL27,ENSG00000108826.16,protein_coding,Lung,chr17,hg38,0.01,0.99,50,1MB,gtex,Lung,100,8,5,True
lrrc59_chr17_lung,LRRC59,ENSG00000108829.10,protein_coding,Lung,chr17,hg38,0.01,0.99,50,1MB,gtex,Lung,100,8,5,True
hdac5_chr17_lung,HDAC5,ENSG00000108840.16,protein_coding,Lung,chr17,hg38,0.01,0.99,50,1MB,gtex,Lung,100,8,5,True
ywhae_chr17_lung,YWHAE,ENSG00000108953.17,protein_coding,Lung,chr17,hg38,0.01,0.99,50,1MB,gtex,Lung,100,8,5,True
hoxb5_chr17_lung,HOXB5,ENSG00000120075.6,protein_coding,Lung,chr17,hg38,0.01,0.99,50,1MB,gtex,Lung,100,8,5,True
scpep1_chr17_lung,SCPEP1,ENSG00000121064.13,protein_coding,Lung,chr17,hg38,0.01,0.99,50,1MB,gtex,Lung,100,8,5,True
sec14l1_chr17_lung,SEC14L1,ENSG00000129657.16,protein_coding,Lung,chr17,hg38,0.01,0.99,50,1MB,gtex,Lung,100,8,5,True
aanat_chr17_lung,AANAT,ENSG00000129673.10,protein_coding,Lung,chr17,hg38,0.01,0.99,50,1MB,gtex,Lung,100,8,5,True
pyy_chr17_lung,PYY,ENSG00000131096.11,protein_coding,Lung,chr17,hg38,0.01,0.99,50,1MB,gtex,Lung,100,8,5,True
aoc3_chr17_lung,AOC3,ENSG00000131471.7,protein_coding,Lung,chr17,hg38,0.01,0.99,50,1MB,gtex,Lung,100,8,5,True
rara_chr17_lung,RARA,ENSG00000131759.18,protein_coding,Lung,chr17,hg38,0.01,0.99,50,1MB,gtex,Lung,100,8,5,True
mybbp1a_chr17_lung,MYBBP1A,ENSG00000132382.15,protein_coding,Lung,chr17,hg38,0.01,0.99,50,1MB,gtex,Lung,100,8,5,True
dlg4_chr17_lung,DLG4,ENSG00000132535.22,protein_coding,Lung,chr17,hg38,0.01,0.99,50,1MB,gtex,Lung,100,8,5,True
myh10_chr17_lung,MYH10,ENSG00000133026.14,protein_coding,Lung,chr17,hg38,0.01,0.99,50,1MB,gtex,Lung,100,8,5,True
taco1_chr17_lung,TACO1,ENSG00000136463.9,protein_coding,Lung,chr17,hg38,0.01,0.99,50,1MB,gtex,Lung,100,8,5,True
kat7_chr17_lung,KAT7,ENSG00000136504.13,protein_coding,Lung,chr17,hg38,0.01,0.99,50,1MB,gtex,Lung,100,8,5,True
myocd_chr17_lung,MYOCD,ENSG00000141052.18,protein_coding,Lung,chr17,hg38,0.01,0.99,50,1MB,gtex,Lung,100,8,5,True
pelp1_chr17_lung,PELP1,ENSG00000141456.16,protein_coding,Lung,chr17,hg38,0.01,0.99,50,1MB,gtex,Lung,100,8,5,True
csnk1d_chr17_lung,CSNK1D,ENSG00000141551.15,protein_coding,Lung,chr17,hg38,0.01,0.99,50,1MB,gtex,Lung,100,8,5,True
anapc11_chr17_lung,ANAPC11,ENSG00000141552.18,protein_coding,Lung,chr17,hg38,0.01,0.99,50,1MB,gtex,Lung,100,8,5,True
cep131_chr17_lung,CEP131,ENSG00000141577.14,protein_coding,Lung,chr17,hg38,0.01,0.99,50,1MB,gtex,Lung,100,8,5,True
p3h4_chr17_lung,P3H4,ENSG00000141696.13,protein_coding,Lung,chr17,hg38,0.01,0.99,50,1MB,gtex,Lung,100,8,5,True
pnmt_chr17_lung,PNMT,ENSG00000141744.4,protein_coding,Lung,chr17,hg38,0.01,0.99,50,1MB,gtex,Lung,100,8,5,True
stac2_chr17_lung,STAC2,ENSG00000141750.7,protein_coding,Lung,chr17,hg38,0.01,0.99,50,1MB,gtex,Lung,100,8,5,True
cep112_chr17_lung,CEP112,ENSG00000154240.17,protein_coding,Lung,chr17,hg38,0.01,0.99,50,1MB,gtex,Lung,100,8,5,True
abca10_chr17_lung,ABCA10,ENSG00000154263.18,protein_coding,Lung,chr17,hg38,0.01,0.99,50,1MB,gtex,Lung,100,8,5,True
taok1_chr17_lung,TAOK1,ENSG00000160551.12,protein_coding,Lung,chr17,hg38,0.01,0.99,50,1MB,gtex,Lung,100,8,5,True
sap30bp_chr17_lung,SAP30BP,ENSG00000161526.15,protein_coding,Lung,chr17,hg38,0.01,0.99,50,1MB,gtex,Lung,100,8,5,True
eif4a1_chr17_lung,EIF4A1,ENSG00000161960.16,protein_coding,Lung,chr17,hg38,0.01,0.99,50,1MB,gtex,Lung,100,8,5,True
cox11_chr17_lung,COX11,ENSG00000166260.13,protein_coding,Lung,chr17,hg38,0.01,0.99,50,1MB,gtex,Lung,100,8,5,True
mapk7_chr17_lung,MAPK7,ENSG00000166484.20,protein_coding,Lung,chr17,hg38,0.01,0.99,50,1MB,gtex,Lung,100,8,5,True
samd14_chr17_lung,SAMD14,ENSG00000167100.15,protein_coding,Lung,chr17,hg38,0.01,0.99,50,1MB,gtex,Lung,100,8,5,True
engase_chr17_lung,ENGASE,ENSG00000167280.17,protein_coding,Lung,chr17,hg38,0.01,0.99,50,1MB,gtex,Lung,100,8,5,True
tbc1d16_chr17_lung,TBC1D16,ENSG00000167291.16,protein_coding,Lung,chr17,hg38,0.01,0.99,50,1MB,gtex,Lung,100,8,5,True
atp5pd_chr17_lung,ATP5PD,ENSG00000167863.12,protein_coding,Lung,chr17,hg38,0.01,0.99,50,1MB,gtex,Lung,100,8,5,True
lgals9_chr17_lung,LGALS9,ENSG00000168961.17,protein_coding,Lung,chr17,hg38,0.01,0.99,50,1MB,gtex,Lung,100,8,5,True
aspscr1_chr17_lung,ASPSCR1,ENSG00000169696.16,protein_coding,Lung,chr17,hg38,0.01,0.99,50,1MB,gtex,Lung,100,8,5,True
stx8_chr17_lung,STX8,ENSG00000170310.15,protein_coding,Lung,chr17,hg38,0.01,0.99,50,1MB,gtex,Lung,100,8,5,True
gprc5c_chr17_lung,GPRC5C,ENSG00000170412.18,protein_coding,Lung,chr17,hg38,0.01,0.99,50,1MB,gtex,Lung,100,8,5,True
krt19_chr17_lung,KRT19,ENSG00000171345.13,protein_coding,Lung,chr17,hg38,0.01,0.99,50,1MB,gtex,Lung,100,8,5,True
dnai2_chr17_lung,DNAI2,ENSG00000171595.14,protein_coding,Lung,chr17,hg38,0.01,0.99,50,1MB,gtex,Lung,100,8,5,True
bptf_chr17_lung,BPTF,ENSG00000171634.19,protein_coding,Lung,chr17,hg38,0.01,0.99,50,1MB,gtex,Lung,100,8,5,True
fbxw10_chr17_lung,FBXW10,ENSG00000171931.13,protein_coding,Lung,chr17,hg38,0.01,0.99,50,1MB,gtex,Lung,100,8,5,True
coprs_chr17_lung,COPRS,ENSG00000172301.11,protein_coding,Lung,chr17,hg38,0.01,0.99,50,1MB,gtex,Lung,100,8,5,True
jup_chr17_lung,JUP,ENSG00000173801.17,protein_coding,Lung,chr17,hg38,0.01,0.99,50,1MB,gtex,Lung,100,8,5,True
tom1l2_chr17_lung,TOM1L2,ENSG00000175662.18,protein_coding,Lung,chr17,hg38,0.01,0.99,50,1MB,gtex,Lung,100,8,5,True
crlf3_chr17_lung,CRLF3,ENSG00000176390.12,protein_coding,Lung,chr17,hg38,0.01,0.99,50,1MB,gtex,Lung,100,8,5,True
flii_chr17_lung,FLII,ENSG00000177731.16,protein_coding,Lung,chr17,hg38,0.01,0.99,50,1MB,gtex,Lung,100,8,5,True
pfas_chr17_lung,PFAS,ENSG00000178921.14,protein_coding,Lung,chr17,hg38,0.01,0.99,50,1MB,gtex,Lung,100,8,5,True
tmem107_chr17_lung,TMEM107,ENSG00000179029.15,protein_coding,Lung,chr17,hg38,0.01,0.99,50,1MB,gtex,Lung,100,8,5,True
slc47a2_chr17_lung,SLC47A2,ENSG00000180638.19,protein_coding,Lung,chr17,hg38,0.01,0.99,50,1MB,gtex,Lung,100,8,5,True
cldn7_chr17_lung,CLDN7,ENSG00000181885.18,protein_coding,Lung,chr17,hg38,0.01,0.99,50,1MB,gtex,Lung,100,8,5,True
spns3_chr17_lung,SPNS3,ENSG00000182557.8,protein_coding,Lung,chr17,hg38,0.01,0.99,50,1MB,gtex,Lung,100,8,5,True
gjc1_chr17_lung,GJC1,ENSG00000182963.11,protein_coding,Lung,chr17,hg38,0.01,0.99,50,1MB,gtex,Lung,100,8,5,True
spdye4_chr17_lung,SPDYE4,ENSG00000183318.12,protein_coding,Lung,chr17,hg38,0.01,0.99,50,1MB,gtex,Lung,100,8,5,True
alyref_chr17_lung,ALYREF,ENSG00000183684.8,protein_coding,Lung,chr17,hg38,0.01,0.99,50,1MB,gtex,Lung,100,8,5,True
rflnb_chr17_lung,RFLNB,ENSG00000183688.4,protein_coding,Lung,chr17,hg38,0.01,0.99,50,1MB,gtex,Lung,100,8,5,True
hgs_chr17_lung,HGS,ENSG00000185359.14,protein_coding,Lung,chr17,hg38,0.01,0.99,50,1MB,gtex,Lung,100,8,5,True
kif18b_chr17_lung,KIF18B,ENSG00000186185.14,protein_coding,Lung,chr17,hg38,0.01,0.99,50,1MB,gtex,Lung,100,8,5,True
c17orf58_chr17_lung,C17orf58,ENSG00000186665.10,protein_coding,Lung,chr17,hg38,0.01,0.99,50,1MB,gtex,Lung,100,8,5,True
mapt_chr17_lung,MAPT,ENSG00000186868.17,protein_coding,Lung,chr17,hg38,0.01,0.99,50,1MB,gtex,Lung,100,8,5,True
fam83g_chr17_lung,FAM83G,ENSG00000188522.15,protein_coding,Lung,chr17,hg38,0.01,0.99,50,1MB,gtex,Lung,100,8,5,True
fbf1_chr17_lung,FBF1,ENSG00000188878.20,protein_coding,Lung,chr17,hg38,0.01,0.99,50,1MB,gtex,Lung,100,8,5,True
inca1_chr17_lung,INCA1,ENSG00000196388.8,protein_coding,Lung,chr17,hg38,0.01,0.99,50,1MB,gtex,Lung,100,8,5,True
rpl23a_chr17_lung,RPL23A,ENSG00000198242.14,protein_coding,Lung,chr17,hg38,0.01,0.99,50,1MB,gtex,Lung,100,8,5,True
helz_chr17_lung,HELZ,ENSG00000198265.12,protein_coding,Lung,chr17,hg38,0.01,0.99,50,1MB,gtex,Lung,100,8,5,True
ankrd13b_chr17_lung,ANKRD13B,ENSG00000198720.13,protein_coding,Lung,chr17,hg38,0.01,0.99,50,1MB,gtex,Lung,100,8,5,True
lrrc3c_chr17_lung,LRRC3C,ENSG00000204913.7,protein_coding,Lung,chr17,hg38,0.01,0.99,50,1MB,gtex,Lung,100,8,5,True
c17orf107_chr17_lung,C17orf107,ENSG00000205710.4,protein_coding,Lung,chr17,hg38,0.01,0.99,50,1MB,gtex,Lung,100,8,5,True
supt4h1_chr17_lung,SUPT4H1,ENSG00000213246.7,protein_coding,Lung,chr17,hg38,0.01,0.99,50,1MB,gtex,Lung,100,8,5,True
evpll_chr17_lung,EVPLL,ENSG00000214860.5,protein_coding,Lung,chr17,hg38,0.01,0.99,50,1MB,gtex,Lung,100,8,5,True
rnasek_chr17_lung,RNASEK,ENSG00000219200.12,protein_coding,Lung,chr17,hg38,0.01,0.99,50,1MB,gtex,Lung,100,8,5,True
trim16_chr17_lung,TRIM16,ENSG00000221926.13,protein_coding,Lung,chr17,hg38,0.01,0.99,50,1MB,gtex,Lung,100,8,5,True
lasp1nb_chr17_lung,LASP1NB,ENSG00000263874.2,protein_coding,Lung,chr17,hg38,0.01,0.99,50,1MB,gtex,Lung,100,8,5,True
ccl5_chr17_lung,CCL5,ENSG00000271503.6,protein_coding,Lung,chr17,hg38,0.01,0.99,50,1MB,gtex,Lung,100,8,5,True
milr1_chr17_lung,MILR1,ENSG00000271605.6,protein_coding,Lung,chr17,hg38,0.01,0.99,50,1MB,gtex,Lung,100,8,5,True
tbc1d3b_chr17_lung,TBC1D3B,ENSG00000274808.6,protein_coding,Lung,chr17,hg38,0.01,0.99,50,1MB,gtex,Lung,100,8,5,True
synrg_chr17_lung,SYNRG,ENSG00000275066.5,protein_coding,Lung,chr17,hg38,0.01,0.99,50,1MB,gtex,Lung,100,8,5,True
dusp14_chr17_lung,DUSP14,ENSG00000276023.5,protein_coding,Lung,chr17,hg38,0.01,0.99,50,1MB,gtex,Lung,100,8,5,True
psmb3_chr17_lung,PSMB3,ENSG00000277791.5,protein_coding,Lung,chr17,hg38,0.01,0.99,50,1MB,gtex,Lung,100,8,5,True
bid_chr22_lung,BID,ENSG00000015475.19,protein_coding,Lung,chr22,hg38,0.01,0.99,50,1MB,gtex,Lung,100,8,5,True
tymp_chr22_lung,TYMP,ENSG00000025708.14,protein_coding,Lung,chr22,hg38,0.01,0.99,50,1MB,gtex,Lung,100,8,5,True
tbc1d22a_chr22_lung,TBC1D22A,ENSG00000054611.14,protein_coding,Lung,chr22,hg38,0.01,0.99,50,1MB,gtex,Lung,100,8,5,True
hdhd5_chr22_lung,HDHD5,ENSG00000069998.12,protein_coding,Lung,chr22,hg38,0.01,0.99,50,1MB,gtex,Lung,100,8,5,True
cltcl1_chr22_lung,CLTCL1,ENSG00000070371.16,protein_coding,Lung,chr22,hg38,0.01,0.99,50,1MB,gtex,Lung,100,8,5,True
gtse1_chr22_lung,GTSE1,ENSG00000075218.19,protein_coding,Lung,chr22,hg38,0.01,0.99,50,1MB,gtex,Lung,100,8,5,True
celsr1_chr22_lung,CELSR1,ENSG00000075275.18,protein_coding,Lung,chr22,hg38,0.01,0.99,50,1MB,gtex,Lung,100,8,5,True
fbln1_chr22_lung,FBLN1,ENSG00000077942.19,protein_coding,Lung,chr22,hg38,0.01,0.99,50,1MB,gtex,Lung,100,8,5,True
arvcf_chr22_lung,ARVCF,ENSG00000099889.14,protein_coding,Lung,chr22,hg38,0.01,0.99,50,1MB,gtex,Lung,100,8,5,True
derl3_chr22_lung,DERL3,ENSG00000099958.15,protein_coding,Lung,chr22,hg38,0.01,0.99,50,1MB,gtex,Lung,100,8,5,True
cabin1_chr22_lung,CABIN1,ENSG00000099991.18,protein_coding,Lung,chr22,hg38,0.01,0.99,50,1MB,gtex,Lung,100,8,5,True
tbc1d10a_chr22_lung,TBC1D10A,ENSG00000099992.16,protein_coding,Lung,chr22,hg38,0.01,0.99,50,1MB,gtex,Lung,100,8,5,True
sf3a1_chr22_lung,SF3A1,ENSG00000099995.19,protein_coding,Lung,chr22,hg38,0.01,0.99,50,1MB,gtex,Lung,100,8,5,True
rnf215_chr22_lung,RNF215,ENSG00000099999.15,protein_coding,Lung,chr22,hg38,0.01,0.99,50,1MB,gtex,Lung,100,8,5,True
sec14l3_chr22_lung,SEC14L3,ENSG00000100012.12,protein_coding,Lung,chr22,hg38,0.01,0.99,50,1MB,gtex,Lung,100,8,5,True
specc1l_chr22_lung,SPECC1L,ENSG00000100014.20,protein_coding,Lung,chr22,hg38,0.01,0.99,50,1MB,gtex,Lung,100,8,5,True
ggt1_chr22_lung,GGT1,ENSG00000100031.19,protein_coding,Lung,chr22,hg38,0.01,0.99,50,1MB,gtex,Lung,100,8,5,True
card10_chr22_lung,CARD10,ENSG00000100065.15,protein_coding,Lung,chr22,hg38,0.01,0.99,50,1MB,gtex,Lung,100,8,5,True
sh3bp1_chr22_lung,SH3BP1,ENSG00000100092.24,protein_coding,Lung,chr22,hg38,0.01,0.99,50,1MB,gtex,Lung,100,8,5,True
sez6l_chr22_lung,SEZ6L,ENSG00000100095.19,protein_coding,Lung,chr22,hg38,0.01,0.99,50,1MB,gtex,Lung,100,8,5,True
patz1_chr22_lung,PATZ1,ENSG00000100105.18,protein_coding,Lung,chr22,hg38,0.01,0.99,50,1MB,gtex,Lung,100,8,5,True
triobp_chr22_lung,TRIOBP,ENSG00000100106.22,protein_coding,Lung,chr22,hg38,0.01,0.99,50,1MB,gtex,Lung,100,8,5,True
gcat_chr22_lung,GCAT,ENSG00000100116.17,protein_coding,Lung,chr22,hg38,0.01,0.99,50,1MB,gtex,Lung,100,8,5,True
ggtlc2_chr22_lung,GGTLC2,ENSG00000100121.14,protein_coding,Lung,chr22,hg38,0.01,0.99,50,1MB,gtex,Lung,100,8,5,True
crybb1_chr22_lung,CRYBB1,ENSG00000100122.7,protein_coding,Lung,chr22,hg38,0.01,0.99,50,1MB,gtex,Lung,100,8,5,True
snu13_chr22_lung,SNU13,ENSG00000100138.15,protein_coding,Lung,chr22,hg38,0.01,0.99,50,1MB,gtex,Lung,100,8,5,True
slc5a1_chr22_lung,SLC5A1,ENSG00000100170.10,protein_coding,Lung,chr22,hg38,0.01,0.99,50,1MB,gtex,Lung,100,8,5,True
tcf20_chr22_lung,TCF20,ENSG00000100207.21,protein_coding,Lung,chr22,hg38,0.01,0.99,50,1MB,gtex,Lung,100,8,5,True
tomm22_chr22_lung,TOMM22,ENSG00000100216.6,protein_coding,Lung,chr22,hg38,0.01,0.99,50,1MB,gtex,Lung,100,8,5,True
josd1_chr22_lung,JOSD1,ENSG00000100221.11,protein_coding,Lung,chr22,hg38,0.01,0.99,50,1MB,gtex,Lung,100,8,5,True
rab36_chr22_lung,RAB36,ENSG00000100228.14,protein_coding,Lung,chr22,hg38,0.01,0.99,50,1MB,gtex,Lung,100,8,5,True
cyb5r3_chr22_lung,CYB5R3,ENSG00000100243.22,protein_coding,Lung,chr22,hg38,0.01,0.99,50,1MB,gtex,Lung,100,8,5,True
miox_chr22_lung,MIOX,ENSG00000100253.13,protein_coding,Lung,chr22,hg38,0.01,0.99,50,1MB,gtex,Lung,100,8,5,True
hmgxb4_chr22_lung,HMGXB4,ENSG00000100281.14,protein_coding,Lung,chr22,hg38,0.01,0.99,50,1MB,gtex,Lung,100,8,5,True
apobec3h_chr22_lung,APOBEC3H,ENSG00000100298.16,protein_coding,Lung,chr22,hg38,0.01,0.99,50,1MB,gtex,Lung,100,8,5,True
arsa_chr22_lung,ARSA,ENSG00000100299.18,protein_coding,Lung,chr22,hg38,0.01,0.99,50,1MB,gtex,Lung,100,8,5,True
ttll12_chr22_lung,TTLL12,ENSG00000100304.13,protein_coding,Lung,chr22,hg38,0.01,0.99,50,1MB,gtex,Lung,100,8,5,True
apol4_chr22_lung,APOL4,ENSG00000100336.18,protein_coding,Lung,chr22,hg38,0.01,0.99,50,1MB,gtex,Lung,100,8,5,True
slc25a17_chr22_lung,SLC25A17,ENSG00000100372.15,protein_coding,Lung,chr22,hg38,0.01,0.99,50,1MB,gtex,Lung,100,8,5,True
fam118a_chr22_lung,FAM118A,ENSG00000100376.12,protein_coding,Lung,chr22,hg38,0.01,0.99,50,1MB,gtex,Lung,100,8,5,True
kctd17_chr22_lung,KCTD17,ENSG00000100379.18,protein_coding,Lung,chr22,hg38,0.01,0.99,50,1MB,gtex,Lung,100,8,5,True
desi1_chr22_lung,DESI1,ENSG00000100418.8,protein_coding,Lung,chr22,hg38,0.01,0.99,50,1MB,gtex,Lung,100,8,5,True
cerk_chr22_lung,CERK,ENSG00000100422.14,protein_coding,Lung,chr22,hg38,0.01,0.99,50,1MB,gtex,Lung,100,8,5,True
brd1_chr22_lung,BRD1,ENSG00000100425.19,protein_coding,Lung,chr22,hg38,0.01,0.99,50,1MB,gtex,Lung,100,8,5,True
tubgcp6_chr22_lung,TUBGCP6,ENSG00000128159.12,protein_coding,Lung,chr22,hg38,0.01,0.99,50,1MB,gtex,Lung,100,8,5,True
dgcr6l_chr22_lung,DGCR6L,ENSG00000128185.10,protein_coding,Lung,chr22,hg38,0.01,0.99,50,1MB,gtex,Lung,100,8,5,True
dgcr8_chr22_lung,DGCR8,ENSG00000128191.16,protein_coding,Lung,chr22,hg38,0.01,0.99,50,1MB,gtex,Lung,100,8,5,True
gal3st1_chr22_lung,GAL3ST1,ENSG00000128242.13,protein_coding,Lung,chr22,hg38,0.01,0.99,50,1MB,gtex,Lung,100,8,5,True
rfpl2_chr22_lung,RFPL2,ENSG00000128253.16,protein_coding,Lung,chr22,hg38,0.01,0.99,50,1MB,gtex,Lung,100,8,5,True
gnaz_chr22_lung,GNAZ,ENSG00000128266.9,protein_coding,Lung,chr22,hg38,0.01,0.99,50,1MB,gtex,Lung,100,8,5,True
mgat3_chr22_lung,MGAT3,ENSG00000128268.12,protein_coding,Lung,chr22,hg38,0.01,0.99,50,1MB,gtex,Lung,100,8,5,True
mchr1_chr22_lung,MCHR1,ENSG00000128285.5,protein_coding,Lung,chr22,hg38,0.01,0.99,50,1MB,gtex,Lung,100,8,5,True
igll1_chr22_lung,IGLL1,ENSG00000128322.7,protein_coding,Lung,chr22,hg38,0.01,0.99,50,1MB,gtex,Lung,100,8,5,True
lif_chr22_lung,LIF,ENSG00000128342.5,protein_coding,Lung,chr22,hg38,0.01,0.99,50,1MB,gtex,Lung,100,8,5,True
ribc2_chr22_lung,RIBC2,ENSG00000128408.9,protein_coding,Lung,chr22,hg38,0.01,0.99,50,1MB,gtex,Lung,100,8,5,True
morc2_chr22_lung,MORC2,ENSG00000133422.14,protein_coding,Lung,chr22,hg38,0.01,0.99,50,1MB,gtex,Lung,100,8,5,True
c1qtnf6_chr22_lung,C1QTNF6,ENSG00000133466.14,protein_coding,Lung,chr22,hg38,0.01,0.99,50,1MB,gtex,Lung,100,8,5,True
sec14l4_chr22_lung,SEC14L4,ENSG00000133488.15,protein_coding,Lung,chr22,hg38,0.01,0.99,50,1MB,gtex,Lung,100,8,5,True
ydjc_chr22_lung,YDJC,ENSG00000161179.14,protein_coding,Lung,chr22,hg38,0.01,0.99,50,1MB,gtex,Lung,100,8,5,True
sgsm1_chr22_lung,SGSM1,ENSG00000167037.19,protein_coding,Lung,chr22,hg38,0.01,0.99,50,1MB,gtex,Lung,100,8,5,True
mei1_chr22_lung,MEI1,ENSG00000167077.13,protein_coding,Lung,chr22,hg38,0.01,0.99,50,1MB,gtex,Lung,100,8,5,True
kcnj4_chr22_lung,KCNJ4,ENSG00000168135.4,protein_coding,Lung,chr22,hg38,0.01,0.99,50,1MB,gtex,Lung,100,8,5,True
trabd_chr22_lung,TRABD,ENSG00000170638.10,protein_coding,Lung,chr22,hg38,0.01,0.99,50,1MB,gtex,Lung,100,8,5,True
csdc2_chr22_lung,CSDC2,ENSG00000172346.15,protein_coding,Lung,chr22,hg38,0.01,0.99,50,1MB,gtex,Lung,100,8,5,True
il17ra_chr22_lung,IL17RA,ENSG00000177663.14,protein_coding,Lung,chr22,hg38,0.01,0.99,50,1MB,gtex,Lung,100,8,5,True
lrrc75b_chr22_lung,LRRC75B,ENSG00000178026.13,protein_coding,Lung,chr22,hg38,0.01,0.99,50,1MB,gtex,Lung,100,8,5,True
limk2_chr22_lung,LIMK2,ENSG00000182541.18,protein_coding,Lung,chr22,hg38,0.01,0.99,50,1MB,gtex,Lung,100,8,5,True
wbp2nl_chr22_lung,WBP2NL,ENSG00000183066.14,protein_coding,Lung,chr22,hg38,0.01,0.99,50,1MB,gtex,Lung,100,8,5,True
smdt1_chr22_lung,SMDT1,ENSG00000183172.9,protein_coding,Lung,chr22,hg38,0.01,0.99,50,1MB,gtex,Lung,100,8,5,True
znrf3_chr22_lung,ZNRF3,ENSG00000183579.16,protein_coding,Lung,chr22,hg38,0.01,0.99,50,1MB,gtex,Lung,100,8,5,True
chek2_chr22_lung,CHEK2,ENSG00000183765.23,protein_coding,Lung,chr22,hg38,0.01,0.99,50,1MB,gtex,Lung,100,8,5,True
tob2_chr22_lung,TOB2,ENSG00000183864.5,protein_coding,Lung,chr22,hg38,0.01,0.99,50,1MB,gtex,Lung,100,8,5,True
tbx1_chr22_lung,TBX1,ENSG00000184058.15,protein_coding,Lung,chr22,hg38,0.01,0.99,50,1MB,gtex,Lung,100,8,5,True
uqcr10_chr22_lung,UQCR10,ENSG00000184076.13,protein_coding,Lung,chr22,hg38,0.01,0.99,50,1MB,gtex,Lung,100,8,5,True
nipsnap1_chr22_lung,NIPSNAP1,ENSG00000184117.12,protein_coding,Lung,chr22,hg38,0.01,0.99,50,1MB,gtex,Lung,100,8,5,True
creld2_chr22_lung,CRELD2,ENSG00000184164.15,protein_coding,Lung,chr22,hg38,0.01,0.99,50,1MB,gtex,Lung,100,8,5,True
osbp2_chr22_lung,OSBP2,ENSG00000184792.16,protein_coding,Lung,chr22,hg38,0.01,0.99,50,1MB,gtex,Lung,100,8,5,True
fam227a_chr22_lung,FAM227A,ENSG00000184949.18,protein_coding,Lung,chr22,hg38,0.01,0.99,50,1MB,gtex,Lung,100,8,5,True
prame_chr22_lung,PRAME,ENSG00000185686.18,protein_coding,Lung,chr22,hg38,0.01,0.99,50,1MB,gtex,Lung,100,8,5,True
drg1_chr22_lung,DRG1,ENSG00000185721.13,protein_coding,Lung,chr22,hg38,0.01,0.99,50,1MB,gtex,Lung,100,8,5,True
gnb1l_chr22_lung,GNB1L,ENSG00000185838.14,protein_coding,Lung,chr22,hg38,0.01,0.99,50,1MB,gtex,Lung,100,8,5,True
il17rel_chr22_lung,IL17REL,ENSG00000188263.10,protein_coding,Lung,chr22,hg38,0.01,0.99,50,1MB,gtex,Lung,100,8,5,True
rrp7a_chr22_lung,RRP7A,ENSG00000189306.11,protein_coding,Lung,chr22,hg38,0.01,0.99,50,1MB,gtex,Lung,100,8,5,True
xpnpep3_chr22_lung,XPNPEP3,ENSG00000196236.13,protein_coding,Lung,chr22,hg38,0.01,0.99,50,1MB,gtex,Lung,100,8,5,True
cryba4_chr22_lung,CRYBA4,ENSG00000196431.4,protein_coding,Lung,chr22,hg38,0.01,0.99,50,1MB,gtex,Lung,100,8,5,True
plxnb2_chr22_lung,PLXNB2,ENSG00000196576.16,protein_coding,Lung,chr22,hg38,0.01,0.99,50,1MB,gtex,Lung,100,8,5,True
tmem184b_chr22_lung,TMEM184B,ENSG00000198792.13,protein_coding,Lung,chr22,hg38,0.01,0.99,50,1MB,gtex,Lung,100,8,5,True
gp1bb_chr22_lung,GP1BB,ENSG00000203618.6,protein_coding,Lung,chr22,hg38,0.01,0.99,50,1MB,gtex,Lung,100,8,5,True
cdpf1_chr22_lung,CDPF1,ENSG00000205643.11,protein_coding,Lung,chr22,hg38,0.01,0.99,50,1MB,gtex,Lung,100,8,5,True
csnk1e_chr22_lung,CSNK1E,ENSG00000213923.13,protein_coding,Lung,chr22,hg38,0.01,0.99,50,1MB,gtex,Lung,100,8,5,True
rtl10_chr22_lung,RTL10,ENSG00000215012.9,protein_coding,Lung,chr22,hg38,0.01,0.99,50,1MB,gtex,Lung,100,8,5,True
syce3_chr22_lung,SYCE3,ENSG00000217442.4,protein_coding,Lung,chr22,hg38,0.01,0.99,50,1MB,gtex,Lung,100,8,5,True
adsl_chr22_lung,ADSL,ENSG00000239900.14,protein_coding,Lung,chr22,hg38,0.01,0.99,50,1MB,gtex,Lung,100,8,5,True
pisd_chr22_lung,PISD,ENSG00000241878.12,protein_coding,Lung,chr22,hg38,0.01,0.99,50,1MB,gtex,Lung,100,8,5,True
arfgap3_chr22_lung,ARFGAP3,ENSG00000242247.11,protein_coding,Lung,chr22,hg38,0.01,0.99,50,1MB,gtex,Lung,100,8,5,True
shank3_chr22_lung,SHANK3,ENSG00000251322.10,protein_coding,Lung,chr22,hg38,0.01,0.99,50,1MB,gtex,Lung,100,8,5,True
nol12_chr22_lung,NOL12,ENSG00000273899.5,protein_coding,Lung,chr22,hg38,0.01,0.99,50,1MB,gtex,Lung,100,8,5,True
znf280b_chr22_lung,ZNF280B,ENSG00000275004.4,protein_coding,Lung,chr22,hg38,0.01,0.99,50,1MB,gtex,Lung,100,8,5,True
sstr3_chr22_lung,SSTR3,ENSG00000278195.2,protein_coding,Lung,chr22,hg38,0.01,0.99,50,1MB,gtex,Lung,100,8,5,True
tmem191b_chr22_lung,TMEM191B,ENSG00000278558.5,protein_coding,Lung,chr22,hg38,0.01,0.99,50,1MB,gtex,Lung,100,8,5,True
rnf14_chr5_lung,RNF14,ENSG00000013561.18,protein_coding,Lung,chr5,hg38,0.01,0.99,50,1MB,gtex,Lung,100,8,5,True
cd74_chr5_lung,CD74,ENSG00000019582.17,protein_coding,Lung,chr5,hg38,0.01,0.99,50,1MB,gtex,Lung,100,8,5,True
b4galt7_chr5_lung,B4GALT7,ENSG00000027847.14,protein_coding,Lung,chr5,hg38,0.01,0.99,50,1MB,gtex,Lung,100,8,5,True
trio_chr5_lung,TRIO,ENSG00000038382.21,protein_coding,Lung,chr5,hg38,0.01,0.99,50,1MB,gtex,Lung,100,8,5,True
spdl1_chr5_lung,SPDL1,ENSG00000040275.17,protein_coding,Lung,chr5,hg38,0.01,0.99,50,1MB,gtex,Lung,100,8,5,True
jade2_chr5_lung,JADE2,ENSG00000043143.22,protein_coding,Lung,chr5,hg38,0.01,0.99,50,1MB,gtex,Lung,100,8,5,True
thoc3_chr5_lung,THOC3,ENSG00000051596.10,protein_coding,Lung,chr5,hg38,0.01,0.99,50,1MB,gtex,Lung,100,8,5,True
slc12a2_chr5_lung,SLC12A2,ENSG00000064651.14,protein_coding,Lung,chr5,hg38,0.01,0.99,50,1MB,gtex,Lung,100,8,5,True
snx24_chr5_lung,SNX24,ENSG00000064652.11,protein_coding,Lung,chr5,hg38,0.01,0.99,50,1MB,gtex,Lung,100,8,5,True
aff4_chr5_lung,AFF4,ENSG00000072364.13,protein_coding,Lung,chr5,hg38,0.01,0.99,50,1MB,gtex,Lung,100,8,5,True
stk10_chr5_lung,STK10,ENSG00000072786.13,protein_coding,Lung,chr5,hg38,0.01,0.99,50,1MB,gtex,Lung,100,8,5,True
sncb_chr5_lung,SNCB,ENSG00000074317.11,protein_coding,Lung,chr5,hg38,0.01,0.99,50,1MB,gtex,Lung,100,8,5,True
slc1a3_chr5_lung,SLC1A3,ENSG00000079215.15,protein_coding,Lung,chr5,hg38,0.01,0.99,50,1MB,gtex,Lung,100,8,5,True
kcnn2_chr5_lung,KCNN2,ENSG00000080709.16,protein_coding,Lung,chr5,hg38,0.01,0.99,50,1MB,gtex,Lung,100,8,5,True
mef2c_chr5_lung,MEF2C,ENSG00000081189.16,protein_coding,Lung,chr5,hg38,0.01,0.99,50,1MB,gtex,Lung,100,8,5,True
dele1_chr5_lung,DELE1,ENSG00000081791.9,protein_coding,Lung,chr5,hg38,0.01,0.99,50,1MB,gtex,Lung,100,8,5,True
pcdhga2_chr5_lung,PCDHGA2,ENSG00000081853.15,protein_coding,Lung,chr5,hg38,0.01,0.99,50,1MB,gtex,Lung,100,8,5,True
fyb1_chr5_lung,FYB1,ENSG00000082074.19,protein_coding,Lung,chr5,hg38,0.01,0.99,50,1MB,gtex,Lung,100,8,5,True
tnpo1_chr5_lung,TNPO1,ENSG00000083312.19,protein_coding,Lung,chr5,hg38,0.01,0.99,50,1MB,gtex,Lung,100,8,5,True
cdc23_chr5_lung,CDC23,ENSG00000094880.11,protein_coding,Lung,chr5,hg38,0.01,0.99,50,1MB,gtex,Lung,100,8,5,True
cep72_chr5_lung,CEP72,ENSG00000112877.8,protein_coding,Lung,chr5,hg38,0.01,0.99,50,1MB,gtex,Lung,100,8,5,True
dap_chr5_lung,DAP,ENSG00000112977.16,protein_coding,Lung,chr5,hg38,0.01,0.99,50,1MB,gtex,Lung,100,8,5,True
brd8_chr5_lung,BRD8,ENSG00000112983.18,protein_coding,Lung,chr5,hg38,0.01,0.99,50,1MB,gtex,Lung,100,8,5,True
lox_chr5_lung,LOX,ENSG00000113083.15,protein_coding,Lung,chr5,hg38,0.01,0.99,50,1MB,gtex,Lung,100,8,5,True
pcdhb5_chr5_lung,PCDHB5,ENSG00000113209.9,protein_coding,Lung,chr5,hg38,0.01,0.99,50,1MB,gtex,Lung,100,8,5,True
clk4_chr5_lung,CLK4,ENSG00000113240.14,protein_coding,Lung,chr5,hg38,0.01,0.99,50,1MB,gtex,Lung,100,8,5,True
pcdhb15_chr5_lung,PCDHB15,ENSG00000113248.6,protein_coding,Lung,chr5,hg38,0.01,0.99,50,1MB,gtex,Lung,100,8,5,True
rnf130_chr5_lung,RNF130,ENSG00000113269.14,protein_coding,Lung,chr5,hg38,0.01,0.99,50,1MB,gtex,Lung,100,8,5,True
rasgrf2_chr5_lung,RASGRF2,ENSG00000113319.13,protein_coding,Lung,chr5,hg38,0.01,0.99,50,1MB,gtex,Lung,100,8,5,True
tars1_chr5_lung,TARS1,ENSG00000113407.14,protein_coding,Lung,chr5,hg38,0.01,0.99,50,1MB,gtex,Lung,100,8,5,True
slc12a7_chr5_lung,SLC12A7,ENSG00000113504.21,protein_coding,Lung,chr5,hg38,0.01,0.99,50,1MB,gtex,Lung,100,8,5,True
skp1_chr5_lung,SKP1,ENSG00000113558.19,protein_coding,Lung,chr5,hg38,0.01,0.99,50,1MB,gtex,Lung,100,8,5,True
ppwd1_chr5_lung,PPWD1,ENSG00000113593.12,protein_coding,Lung,chr5,hg38,0.01,0.99,50,1MB,gtex,Lung,100,8,5,True
tcerg1_chr5_lung,TCERG1,ENSG00000113649.13,protein_coding,Lung,chr5,hg38,0.01,0.99,50,1MB,gtex,Lung,100,8,5,True
bnip1_chr5_lung,BNIP1,ENSG00000113734.18,protein_coding,Lung,chr5,hg38,0.01,0.99,50,1MB,gtex,Lung,100,8,5,True
slc25a2_chr5_lung,SLC25A2,ENSG00000120329.7,protein_coding,Lung,chr5,hg38,0.01,0.99,50,1MB,gtex,Lung,100,8,5,True
sil1_chr5_lung,SIL1,ENSG00000120725.13,protein_coding,Lung,chr5,hg38,0.01,0.99,50,1MB,gtex,Lung,100,8,5,True
fastkd3_chr5_lung,FASTKD3,ENSG00000124279.12,protein_coding,Lung,chr5,hg38,0.01,0.99,50,1MB,gtex,Lung,100,8,5,True
ndfip1_chr5_lung,NDFIP1,ENSG00000131507.11,protein_coding,Lung,chr5,hg38,0.01,0.99,50,1MB,gtex,Lung,100,8,5,True
prkaa1_chr5_lung,PRKAA1,ENSG00000132356.12,protein_coding,Lung,chr5,hg38,0.01,0.99,50,1MB,gtex,Lung,100,8,5,True
med10_chr5_lung,MED10,ENSG00000133398.4,protein_coding,Lung,chr5,hg38,0.01,0.99,50,1MB,gtex,Lung,100,8,5,True
spink5_chr5_lung,SPINK5,ENSG00000133710.16,protein_coding,Lung,chr5,hg38,0.01,0.99,50,1MB,gtex,Lung,100,8,5,True
tmed7_chr5_lung,TMED7,ENSG00000134970.14,protein_coding,Lung,chr5,hg38,0.01,0.99,50,1MB,gtex,Lung,100,8,5,True
ropn1l_chr5_lung,ROPN1L,ENSG00000145491.12,protein_coding,Lung,chr5,hg38,0.01,0.99,50,1MB,gtex,Lung,100,8,5,True
ndufs6_chr5_lung,NDUFS6,ENSG00000145494.12,protein_coding,Lung,chr5,hg38,0.01,0.99,50,1MB,gtex,Lung,100,8,5,True
marchf6_chr5_lung,MARCHF6,ENSG00000145495.16,protein_coding,Lung,chr5,hg38,0.01,0.99,50,1MB,gtex,Lung,100,8,5,True
pik3r1_chr5_lung,PIK3R1,ENSG00000145675.15,protein_coding,Lung,chr5,hg38,0.01,0.99,50,1MB,gtex,Lung,100,8,5,True
bdp1_chr5_lung,BDP1,ENSG00000145734.20,protein_coding,Lung,chr5,hg38,0.01,0.99,50,1MB,gtex,Lung,100,8,5,True
fbxl17_chr5_lung,FBXL17,ENSG00000145743.18,protein_coding,Lung,chr5,hg38,0.01,0.99,50,1MB,gtex,Lung,100,8,5,True
fbxo38_chr5_lung,FBXO38,ENSG00000145868.17,protein_coding,Lung,chr5,hg38,0.01,0.99,50,1MB,gtex,Lung,100,8,5,True
tnip1_chr5_lung,TNIP1,ENSG00000145901.16,protein_coding,Lung,chr5,hg38,0.01,0.99,50,1MB,gtex,Lung,100,8,5,True
kcnmb1_chr5_lung,KCNMB1,ENSG00000145936.9,protein_coding,Lung,chr5,hg38,0.01,0.99,50,1MB,gtex,Lung,100,8,5,True
psd2_chr5_lung,PSD2,ENSG00000146005.4,protein_coding,Lung,chr5,hg38,0.01,0.99,50,1MB,gtex,Lung,100,8,5,True
zmat2_chr5_lung,ZMAT2,ENSG00000146007.11,protein_coding,Lung,chr5,hg38,0.01,0.99,50,1MB,gtex,Lung,100,8,5,True
klhl3_chr5_lung,KLHL3,ENSG00000146021.15,protein_coding,Lung,chr5,hg38,0.01,0.99,50,1MB,gtex,Lung,100,8,5,True
fam193b_chr5_lung,FAM193B,ENSG00000146067.16,protein_coding,Lung,chr5,hg38,0.01,0.99,50,1MB,gtex,Lung,100,8,5,True
srfbp1_chr5_lung,SRFBP1,ENSG00000151304.6,protein_coding,Lung,chr5,hg38,0.01,0.99,50,1MB,gtex,Lung,100,8,5,True
fbxo4_chr5_lung,FBXO4,ENSG00000151876.13,protein_coding,Lung,chr5,hg38,0.01,0.99,50,1MB,gtex,Lung,100,8,5,True
atg10_chr5_lung,ATG10,ENSG00000152348.16,protein_coding,Lung,chr5,hg38,0.01,0.99,50,1MB,gtex,Lung,100,8,5,True
cenph_chr5_lung,CENPH,ENSG00000153044.10,protein_coding,Lung,chr5,hg38,0.01,0.99,50,1MB,gtex,Lung,100,8,5,True
otulin_chr5_lung,OTULIN,ENSG00000154124.5,protein_coding,Lung,chr5,hg38,0.01,0.99,50,1MB,gtex,Lung,100,8,5,True
slc26a2_chr5_lung,SLC26A2,ENSG00000155850.9,protein_coding,Lung,chr5,hg38,0.01,0.99,50,1MB,gtex,Lung,100,8,5,True
cdc42se2_chr5_lung,CDC42SE2,ENSG00000158985.14,protein_coding,Lung,chr5,hg38,0.01,0.99,50,1MB,gtex,Lung,100,8,5,True
mrnip_chr5_lung,MRNIP,ENSG00000161010.16,protein_coding,Lung,chr5,hg38,0.01,0.99,50,1MB,gtex,Lung,100,8,5,True
itga2_chr5_lung,ITGA2,ENSG00000164171.11,protein_coding,Lung,chr5,hg38,0.01,0.99,50,1MB,gtex,Lung,100,8,5,True
slc45a2_chr5_lung,SLC45A2,ENSG00000164175.15,protein_coding,Lung,chr5,hg38,0.01,0.99,50,1MB,gtex,Lung,100,8,5,True
edil3_chr5_lung,EDIL3,ENSG00000164176.13,protein_coding,Lung,chr5,hg38,0.01,0.99,50,1MB,gtex,Lung,100,8,5,True
rnf180_chr5_lung,RNF180,ENSG00000164197.12,protein_coding,Lung,chr5,hg38,0.01,0.99,50,1MB,gtex,Lung,100,8,5,True
csf2_chr5_lung,CSF2,ENSG00000164400.6,protein_coding,Lung,chr5,hg38,0.01,0.99,50,1MB,gtex,Lung,100,8,5,True
hnrnph1_chr5_lung,HNRNPH1,ENSG00000169045.17,protein_coding,Lung,chr5,hg38,0.01,0.99,50,1MB,gtex,Lung,100,8,5,True
fabp6_chr5_lung,FABP6,ENSG00000170231.16,protein_coding,Lung,chr5,hg38,0.01,0.99,50,1MB,gtex,Lung,100,8,5,True
pwwp2a_chr5_lung,PWWP2A,ENSG00000170234.13,protein_coding,Lung,chr5,hg38,0.01,0.99,50,1MB,gtex,Lung,100,8,5,True
cd14_chr5_lung,CD14,ENSG00000170458.14,protein_coding,Lung,chr5,hg38,0.01,0.99,50,1MB,gtex,Lung,100,8,5,True
dnajc18_chr5_lung,DNAJC18,ENSG00000170464.10,protein_coding,Lung,chr5,hg38,0.01,0.99,50,1MB,gtex,Lung,100,8,5,True
mzb1_chr5_lung,MZB1,ENSG00000170476.16,protein_coding,Lung,chr5,hg38,0.01,0.99,50,1MB,gtex,Lung,100,8,5,True
hspa4_chr5_lung,HSPA4,ENSG00000170606.16,protein_coding,Lung,chr5,hg38,0.01,0.99,50,1MB,gtex,Lung,100,8,5,True
serf1a_chr5_lung,SERF1A,ENSG00000172058.16,protein_coding,Lung,chr5,hg38,0.01,0.99,50,1MB,gtex,Lung,100,8,5,True
slco4c1_chr5_lung,SLCO4C1,ENSG00000173930.9,protein_coding,Lung,chr5,hg38,0.01,0.99,50,1MB,gtex,Lung,100,8,5,True
rufy1_chr5_lung,RUFY1,ENSG00000176783.15,protein_coding,Lung,chr5,hg38,0.01,0.99,50,1MB,gtex,Lung,100,8,5,True
c5orf46_chr5_lung,C5orf46,ENSG00000178776.5,protein_coding,Lung,chr5,hg38,0.01,0.99,50,1MB,gtex,Lung,100,8,5,True
exoc3_chr5_lung,EXOC3,ENSG00000180104.16,protein_coding,Lung,chr5,hg38,0.01,0.99,50,1MB,gtex,Lung,100,8,5,True
f2r_chr5_lung,F2R,ENSG00000181104.7,protein_coding,Lung,chr5,hg38,0.01,0.99,50,1MB,gtex,Lung,100,8,5,True
kcnip1_chr5_lung,KCNIP1,ENSG00000182132.14,protein_coding,Lung,chr5,hg38,0.01,0.99,50,1MB,gtex,Lung,100,8,5,True
arhgef37_chr5_lung,ARHGEF37,ENSG00000183111.12,protein_coding,Lung,chr5,hg38,0.01,0.99,50,1MB,gtex,Lung,100,8,5,True
kctd16_chr5_lung,KCTD16,ENSG00000183775.11,protein_coding,Lung,chr5,hg38,0.01,0.99,50,1MB,gtex,Lung,100,8,5,True
arsi_chr5_lung,ARSI,ENSG00000183876.9,protein_coding,Lung,chr5,hg38,0.01,0.99,50,1MB,gtex,Lung,100,8,5,True
pcdhb13_chr5_lung,PCDHB13,ENSG00000187372.11,protein_coding,Lung,chr5,hg38,0.01,0.99,50,1MB,gtex,Lung,100,8,5,True
ankdd1b_chr5_lung,ANKDD1B,ENSG00000189045.15,protein_coding,Lung,chr5,hg38,0.01,0.99,50,1MB,gtex,Lung,100,8,5,True
ocln_chr5_lung,OCLN,ENSG00000197822.12,protein_coding,Lung,chr5,hg38,0.01,0.99,50,1MB,gtex,Lung,100,8,5,True
sgtb_chr5_lung,SGTB,ENSG00000197860.10,protein_coding,Lung,chr5,hg38,0.01,0.99,50,1MB,gtex,Lung,100,8,5,True
ccdc152_chr5_lung,CCDC152,ENSG00000198865.10,protein_coding,Lung,chr5,hg38,0.01,0.99,50,1MB,gtex,Lung,100,8,5,True
pcdhga1_chr5_lung,PCDHGA1,ENSG00000204956.6,protein_coding,Lung,chr5,hg38,0.01,0.99,50,1MB,gtex,Lung,100,8,5,True
snx2_chr5_lung,SNX2,ENSG00000205302.7,protein_coding,Lung,chr5,hg38,0.01,0.99,50,1MB,gtex,Lung,100,8,5,True
ube2ql1_chr5_lung,UBE2QL1,ENSG00000215218.4,protein_coding,Lung,chr5,hg38,0.01,0.99,50,1MB,gtex,Lung,100,8,5,True
pcdha13_chr5_lung,PCDHA13,ENSG00000239389.8,protein_coding,Lung,chr5,hg38,0.01,0.99,50,1MB,gtex,Lung,100,8,5,True
pcdhgc5_chr5_lung,PCDHGC5,ENSG00000240764.4,protein_coding,Lung,chr5,hg38,0.01,0.99,50,1MB,gtex,Lung,100,8,5,True
amacr_chr5_lung,AMACR,ENSG00000242110.8,protein_coding,Lung,chr5,hg38,0.01,0.99,50,1MB,gtex,Lung,100,8,5,True
pcdhac2_chr5_lung,PCDHAC2,ENSG00000243232.6,protein_coding,Lung,chr5,hg38,0.01,0.99,50,1MB,gtex,Lung,100,8,5,True
pdcd6_chr5_lung,PDCD6,ENSG00000249915.9,protein_coding,Lung,chr5,hg38,0.01,0.99,50,1MB,gtex,Lung,100,8,5,True
pcdhgb5_chr5_lung,PCDHGB5,ENSG00000276547.2,protein_coding,Lung,chr5,hg38,0.01,0.99,50,1MB,gtex,Lung,100,8,5,True
